{"Loss": {"Loss/Epoch0/Train/Exp1": 0.5035259549299876, "Loss/Epoch1/Train/Exp1": 0.3991557424624761, "Loss/Epoch2/Train/Exp1": 0.3533333482384682, "Loss/Epoch3/Train/Exp1": 0.32239836245377856, "Loss/Epoch4/Train/Exp1": 0.2992668446143468, "Loss/Epoch5/Train/Exp1": 0.2819784597456455, "Loss/Epoch6/Train/Exp1": 0.26522194589674475, "Loss/Epoch7/Train/Exp1": 0.2519633082270622, "Loss/Eval/Exp1/Exp1": 0.35546608114242556, "Loss/Eval/Exp1": 0.35546608114242556, "Loss/Epoch0/Train/Exp2": 0.244718708852306, "Loss/Epoch1/Train/Exp2": 0.2304101313650608, "Loss/Epoch2/Train/Exp2": 0.20486385565716772, "Loss/Epoch3/Train/Exp2": 0.17024983059614895, "Loss/Epoch4/Train/Exp2": 0.1296292825601995, "Loss/Eval/Exp2/Exp1": 0.37763875105977057, "Loss/Eval/Exp2/Exp2": 0.870821096420288, "Loss/Eval/Exp2": 0.6242299237400293, "Loss/Epoch0/Train/Exp3": 0.024351392430835405, "Loss/Epoch1/Train/Exp3": 0.02410113244834065, "Loss/Epoch2/Train/Exp3": 0.02302713123499416, "Loss/Epoch3/Train/Exp3": 0.021954438171233052, "Loss/Epoch4/Train/Exp3": 0.01953190946020186, "Loss/Eval/Exp3/Exp1": 0.3982560371855895, "Loss/Eval/Exp3/Exp2": 0.9787897844314575, "Loss/Eval/Exp3/Exp3": 0.7189749412536621, "Loss/Eval/Exp3": 0.6986735876235697, "Loss/Epoch0/Train/Exp4": 0.0049268419670988805, "Loss/Epoch1/Train/Exp4": 0.0049178728635524745, "Loss/Epoch2/Train/Exp4": 0.00489898442698177, "Loss/Epoch3/Train/Exp4": 0.004835055570292752, "Loss/Epoch4/Train/Exp4": 0.004756838846951723, "Loss/Eval/Exp4/Exp1": 0.4187043177187443, "Loss/Eval/Exp4/Exp2": 1.0694437742233276, "Loss/Eval/Exp4/Exp3": 0.8029645824432373, "Loss/Eval/Exp4/Exp4": 1.1793906183242797, "Loss/Eval/Exp4": 0.8676258231773972, "Loss/Epoch0/Train/Exp5": 0.06147296476439806, "Loss/Epoch1/Train/Exp5": 0.06035816537449137, "Loss/Epoch2/Train/Exp5": 0.055737477891962046, "Loss/Epoch3/Train/Exp5": 0.04767158226422907, "Loss/Epoch4/Train/Exp5": 0.0405405839285595, "Loss/Eval/Exp5/Exp1": 0.4348119590083758, "Loss/Eval/Exp5/Exp2": 1.1288506965637206, "Loss/Eval/Exp5/Exp3": 0.85910489320755, "Loss/Eval/Exp5/Exp4": 1.2134541339874267, "Loss/Eval/Exp5/Exp5": 0.559652702331543, "Loss/Eval/Exp5": 0.8391748770197232, "Loss/Epoch0/Train/Exp6": 0.0012887840351322665, "Loss/Epoch1/Train/Exp6": 0.0012876641706668578, "Loss/Epoch2/Train/Exp6": 0.0012820159968396183, "Loss/Epoch3/Train/Exp6": 0.0012724336325482, "Loss/Epoch4/Train/Exp6": 0.0012631272575708862, "Loss/Eval/Exp6/Exp1": 0.4480422833363215, "Loss/Eval/Exp6/Exp2": 1.1458863391876222, "Loss/Eval/Exp6/Exp3": 0.8669589281082153, "Loss/Eval/Exp6/Exp4": 1.215299160003662, "Loss/Eval/Exp6/Exp5": 0.562706339597702, "Loss/Eval/Exp6/Exp6": 0.5970469064712525, "Loss/Eval/Exp6": 0.8059899927841293, "Loss/Epoch0/Train/Exp7": 0.08892620192927979, "Loss/Epoch1/Train/Exp7": 0.08702718316271785, "Loss/Epoch2/Train/Exp7": 0.08322786086704582, "Loss/Epoch3/Train/Exp7": 0.07477227375104122, "Loss/Epoch4/Train/Exp7": 0.06620886673641507, "Loss/Eval/Exp7/Exp1": 0.4681471333305041, "Loss/Eval/Exp7/Exp2": 1.1540956077575684, "Loss/Eval/Exp7/Exp3": 0.8800683183670044, "Loss/Eval/Exp7/Exp4": 1.21630228805542, "Loss/Eval/Exp7/Exp5": 0.570355530500412, "Loss/Eval/Exp7/Exp6": 0.6052013678550721, "Loss/Eval/Exp7/Exp7": 0.47685830664634704, "Loss/Eval/Exp7": 0.7672897932160468, "Loss/Epoch0/Train/Exp8": 0.0895782487667472, "Loss/Epoch1/Train/Exp8": 0.08668524095577596, "Loss/Epoch2/Train/Exp8": 0.0793745288692162, "Loss/Epoch3/Train/Exp8": 0.05882764005225681, "Loss/Epoch4/Train/Exp8": 0.04020280895956603, "Loss/Eval/Exp8/Exp1": 0.4811539979974429, "Loss/Eval/Exp8/Exp2": 1.1960767803192138, "Loss/Eval/Exp8/Exp3": 0.8863831105232238, "Loss/Eval/Exp8/Exp4": 1.252175106048584, "Loss/Eval/Exp8/Exp5": 0.5829311020374298, "Loss/Eval/Exp8/Exp6": 0.6653222079277039, "Loss/Eval/Exp8/Exp7": 0.49472692322731016, "Loss/Eval/Exp8/Exp8": 0.6957890970706939, "Loss/Eval/Exp8": 0.7818197906439504, "Loss/Epoch0/Train/Exp9": 0.0007239273391314782, "Loss/Epoch1/Train/Exp9": 0.0007233119389275089, "Loss/Epoch2/Train/Exp9": 0.0007222700880629418, "Loss/Epoch3/Train/Exp9": 0.0007165291109413374, "Loss/Epoch4/Train/Exp9": 0.0007115158360099372, "Loss/Eval/Exp9/Exp1": 0.4977191209991773, "Loss/Eval/Exp9/Exp2": 1.200427562713623, "Loss/Eval/Exp9/Exp3": 0.9142255024909973, "Loss/Eval/Exp9/Exp4": 1.3505058240890504, "Loss/Eval/Exp9/Exp5": 0.6323942284584045, "Loss/Eval/Exp9/Exp6": 0.6673208436965943, "Loss/Eval/Exp9/Exp7": 0.515309471487999, "Loss/Eval/Exp9/Exp8": 0.7086334493160248, "Loss/Eval/Exp9/Exp9": 0.9329111118316651, "Loss/Eval/Exp9": 0.8243830127870597}, "Acc": {"Acc/Epoch0/Train/Exp1": 0.8435666666666667, "Acc/Epoch1/Train/Exp1": 0.8733666666666666, "Acc/Epoch2/Train/Exp1": 0.8852, "Acc/Epoch3/Train/Exp1": 0.8940666666666667, "Acc/Epoch4/Train/Exp1": 0.9026666666666666, "Acc/Epoch5/Train/Exp1": 0.9059666666666667, "Acc/Epoch6/Train/Exp1": 0.9115333333333333, "Acc/Epoch7/Train/Exp1": 0.9158, "Acc/Eval/Exp1/Exp1": 0.8875, "Acc/Eval/Exp1": 0.8875, "Acc/Epoch0/Train/Exp2": 0.96, "Acc/Epoch1/Train/Exp2": 0.96, "Acc/Epoch2/Train/Exp2": 0.96, "Acc/Epoch3/Train/Exp2": 0.96, "Acc/Epoch4/Train/Exp2": 0.96, "Acc/Eval/Exp2/Exp1": 0.8833333333333333, "Acc/Eval/Exp2/Exp2": 0.742, "Acc/Eval/Exp2": 0.8724615384615385, "Acc/Epoch0/Train/Exp3": 1.0, "Acc/Epoch1/Train/Exp3": 1.0, "Acc/Epoch2/Train/Exp3": 1.0, "Acc/Epoch3/Train/Exp3": 1.0, "Acc/Epoch4/Train/Exp3": 1.0, "Acc/Eval/Exp3/Exp1": 0.8765, "Acc/Eval/Exp3/Exp2": 0.716, "Acc/Eval/Exp3/Exp3": 0.81, "Acc/Eval/Exp3": 0.8602857142857143, "Acc/Epoch0/Train/Exp4": 1.0, "Acc/Epoch1/Train/Exp4": 1.0, "Acc/Epoch2/Train/Exp4": 1.0, "Acc/Epoch3/Train/Exp4": 1.0, "Acc/Epoch4/Train/Exp4": 1.0, "Acc/Eval/Exp4/Exp1": 0.8691666666666666, "Acc/Eval/Exp4/Exp2": 0.702, "Acc/Eval/Exp4/Exp3": 0.792, "Acc/Eval/Exp4/Exp4": 0.628, "Acc/Eval/Exp4": 0.8368, "Acc/Epoch0/Train/Exp5": 1.0, "Acc/Epoch1/Train/Exp5": 1.0, "Acc/Epoch2/Train/Exp5": 1.0, "Acc/Epoch3/Train/Exp5": 1.0, "Acc/Epoch4/Train/Exp5": 1.0, "Acc/Eval/Exp5/Exp1": 0.8653333333333333, "Acc/Eval/Exp5/Exp2": 0.684, "Acc/Eval/Exp5/Exp3": 0.774, "Acc/Eval/Exp5/Exp4": 0.62, "Acc/Eval/Exp5/Exp5": 0.848, "Acc/Eval/Exp5": 0.831875, "Acc/Epoch0/Train/Exp6": 1.0, "Acc/Epoch1/Train/Exp6": 1.0, "Acc/Epoch2/Train/Exp6": 1.0, "Acc/Epoch3/Train/Exp6": 1.0, "Acc/Epoch4/Train/Exp6": 1.0, "Acc/Eval/Exp6/Exp1": 0.8618333333333333, "Acc/Eval/Exp6/Exp2": 0.678, "Acc/Eval/Exp6/Exp3": 0.772, "Acc/Eval/Exp6/Exp4": 0.62, "Acc/Eval/Exp6/Exp5": 0.848, "Acc/Eval/Exp6/Exp6": 0.822, "Acc/Eval/Exp6": 0.8283529411764706, "Acc/Epoch0/Train/Exp7": 0.96, "Acc/Epoch1/Train/Exp7": 0.96, "Acc/Epoch2/Train/Exp7": 0.96, "Acc/Epoch3/Train/Exp7": 0.96, "Acc/Epoch4/Train/Exp7": 0.96, "Acc/Eval/Exp7/Exp1": 0.8563333333333333, "Acc/Eval/Exp7/Exp2": 0.672, "Acc/Eval/Exp7/Exp3": 0.768, "Acc/Eval/Exp7/Exp4": 0.624, "Acc/Eval/Exp7/Exp5": 0.844, "Acc/Eval/Exp7/Exp6": 0.818, "Acc/Eval/Exp7/Exp7": 0.856, "Acc/Eval/Exp7": 0.8254444444444444, "Acc/Epoch0/Train/Exp8": 0.96, "Acc/Epoch1/Train/Exp8": 0.96, "Acc/Epoch2/Train/Exp8": 0.96, "Acc/Epoch3/Train/Exp8": 0.96, "Acc/Epoch4/Train/Exp8": 0.96, "Acc/Eval/Exp8/Exp1": 0.8531666666666666, "Acc/Eval/Exp8/Exp2": 0.644, "Acc/Eval/Exp8/Exp3": 0.772, "Acc/Eval/Exp8/Exp4": 0.608, "Acc/Eval/Exp8/Exp5": 0.838, "Acc/Eval/Exp8/Exp6": 0.792, "Acc/Eval/Exp8/Exp7": 0.856, "Acc/Eval/Exp8/Exp8": 0.786, "Acc/Eval/Exp8": 0.8175789473684211, "Acc/Epoch0/Train/Exp9": 1.0, "Acc/Epoch1/Train/Exp9": 1.0, "Acc/Epoch2/Train/Exp9": 1.0, "Acc/Epoch3/Train/Exp9": 1.0, "Acc/Epoch4/Train/Exp9": 1.0, "Acc/Eval/Exp9/Exp1": 0.8486666666666667, "Acc/Eval/Exp9/Exp2": 0.644, "Acc/Eval/Exp9/Exp3": 0.768, "Acc/Eval/Exp9/Exp4": 0.59, "Acc/Eval/Exp9/Exp5": 0.818, "Acc/Eval/Exp9/Exp6": 0.794, "Acc/Eval/Exp9/Exp7": 0.854, "Acc/Eval/Exp9/Exp8": 0.786, "Acc/Eval/Exp9/Exp9": 0.688, "Acc/Eval/Exp9": 0.8063, "AvgAcc": 0.8367916666666667}, "Forgetting": {"Forgetting/Eval/Exp2/Exp1": 0.004166666666666652, "Forgetting/Eval/Exp2": 0.004166666666666652, "Forgetting/Eval/Exp3/Exp1": 0.01100000000000001,