{"Loss": {"Loss/Epoch0/Train/Exp1": 0.6382621832291285, "Loss/Epoch1/Train/Exp1": 0.4071927622954051, "Loss/Epoch2/Train/Exp1": 0.3549757158199946, "Loss/Epoch3/Train/Exp1": 0.32604159578084946, "Loss/Epoch4/Train/Exp1": 0.30207324606577557, "Loss/Epoch5/Train/Exp1": 0.2875104375918706, "Loss/Epoch6/Train/Exp1": 0.27364085438450175, "Loss/Epoch7/Train/Exp1": 0.26289154048363367, "Loss/Eval/Exp1/Exp1": 0.3511590895851453, "Loss/Eval/Exp1": 0.3511590895851453, "Loss/Epoch0/Train/Exp2": 0.3407191113661975, "Loss/Epoch1/Train/Exp2": 0.3360391744133085, "Loss/Epoch2/Train/Exp2": 0.321363712856546, "Loss/Epoch3/Train/Exp2": 0.2958123133238405, "Loss/Epoch4/Train/Exp2": 0.24036083296959987, "Loss/Eval/Exp2/Exp1": 0.3647997029821078, "Loss/Eval/Exp2/Exp2": 1.1577949743270874, "Loss/Eval/Exp2": 0.7612973386545976, "Loss/Epoch0/Train/Exp3": 0.0889648167786072, "Loss/Epoch1/Train/Exp3": 0.0875033574164263, "Loss/Epoch2/Train/Exp3": 0.08063799460520386, "Loss/Epoch3/Train/Exp3": 0.07514510505017824, "Loss/Epoch4/Train/Exp3": 0.06035908070392906, "Loss/Eval/Exp3/Exp1": 0.38105571128924687, "Loss/Eval/Exp3/Exp2": 1.2825938301086426, "Loss/Eval/Exp3/Exp3": 0.7519549283981323, "Loss/Eval/Exp3": 0.8052014899320072, "Loss/Epoch0/Train/Exp4": 0.00981627349043265, "Loss/Epoch1/Train/Exp4": 0.009702845038591477, "Loss/Epoch2/Train/Exp4": 0.009561758330091834, "Loss/Epoch3/Train/Exp4": 0.008934056470170617, "Loss/Epoch4/Train/Exp4": 0.008169566947035491, "Loss/Eval/Exp4/Exp1": 0.400251159409682, "Loss/Eval/Exp4/Exp2": 1.3878837690353394, "Loss/Eval/Exp4/Exp3": 0.8389648807048797, "Loss/Eval/Exp4/Exp4": 1.2689386730194092, "Loss/Eval/Exp4": 0.9740096205423276, "Loss/Epoch0/Train/Exp5": 0.06899004516657442, "Loss/Epoch1/Train/Exp5": 0.06772469699382783, "Loss/Epoch2/Train/Exp5": 0.06327623963356017, "Loss/Epoch3/Train/Exp5": 0.054665596268023364, "Loss/Epoch4/Train/Exp5": 0.04755720549655962, "Loss/Eval/Exp5/Exp1": 0.4168299431900183, "Loss/Eval/Exp5/Exp2": 1.418640595436096, "Loss/Eval/Exp5/Exp3": 0.8589769101142883, "Loss/Eval/Exp5/Exp4": 1.2952508354187011, "Loss/Eval/Exp5/Exp5": 0.6927064142227173, "Loss/Eval/Exp5": 0.9364809396763641, "Loss/Epoch0/Train/Exp6": 0.0028522501215593366, "Loss/Epoch1/Train/Exp6": 0.0028415700822370126, "Loss/Epoch2/Train/Exp6": 0.0027784583401262355, "Loss/Epoch3/Train/Exp6": 0.0026741627724186402, "Loss/Epoch4/Train/Exp6": 0.0025841956750628013, "Loss/Eval/Exp6/Exp1": 0.42673705316583316, "Loss/Eval/Exp6/Exp2": 1.4438425483703614, "Loss/Eval/Exp6/Exp3": 0.863778076171875, "Loss/Eval/Exp6/Exp4": 1.2993595714569093, "Loss/Eval/Exp6/Exp5": 0.6965588622093201, "Loss/Eval/Exp6/Exp6": 0.6822774333953857, "Loss/Eval/Exp6": 0.902092257461614, "Loss/Epoch0/Train/Exp7": 0.16495402042986143, "Loss/Epoch1/Train/Exp7": 0.16130364723037474, "Loss/Epoch2/Train/Exp7": 0.15428165140096098, "Loss/Epoch3/Train/Exp7": 0.1377891382647067, "Loss/Epoch4/Train/Exp7": 0.12144004048080888, "Loss/Eval/Exp7/Exp1": 0.4435586966276169, "Loss/Eval/Exp7/Exp2": 1.449246150970459, "Loss/Eval/Exp7/Exp3": 0.8753178119659424, "Loss/Eval/Exp7/Exp4": 1.302918128967285, "Loss/Eval/Exp7/Exp5": 0.7070859501361847, "Loss/Eval/Exp7/Exp6": 0.6849979310035705, "Loss/Eval/Exp7/Exp7": 0.5516589832305908, "Loss/Eval/Exp7": 0.8592548075573785, "Loss/Epoch0/Train/Exp8": 0.054732531829613434, "Loss/Epoch1/Train/Exp8": 0.05292314796402934, "Loss/Epoch2/Train/Exp8": 0.04843060452509235, "Loss/Epoch3/Train/Exp8": 0.03642634637464624, "Loss/Epoch4/Train/Exp8": 0.026063122472253043, "Loss/Eval/Exp8/Exp1": 0.4613666927019755, "Loss/Eval/Exp8/Exp2": 1.5284631071090697, "Loss/Eval/Exp8/Exp3": 0.8916365909576416, "Loss/Eval/Exp8/Exp4": 1.3751535167694091, "Loss/Eval/Exp8/Exp5": 0.7388619339466095, "Loss/Eval/Exp8/Exp6": 0.7386693606376648, "Loss/Eval/Exp8/Exp7": 0.5728849654197693, "Loss/Eval/Exp8/Exp8": 0.6887543745040894, "Loss/Eval/Exp8": 0.8744738177557786, "Loss/Epoch0/Train/Exp9": 0.0029246214948943816, "Loss/Epoch1/Train/Exp9": 0.0029130626245751044, "Loss/Epoch2/Train/Exp9": 0.0028885928857198453, "Loss/Epoch3/Train/Exp9": 0.002817901568596426, "Loss/Epoch4/Train/Exp9": 0.0027426906410252627, "Loss/Eval/Exp9/Exp1": 0.4766260158618291, "Loss/Eval/Exp9/Exp2": 1.537384828567505, "Loss/Eval/Exp9/Exp3": 0.9144013404846192, "Loss/Eval/Exp9/Exp4": 1.4470646114349366, "Loss/Eval/Exp9/Exp5": 0.7859336080551147, "Loss/Eval/Exp9/Exp6": 0.7420189371109008, "Loss/Eval/Exp9/Exp7": 0.5883460381031036, "Loss/Eval/Exp9/Exp8": 0.7019751224517822, "Loss/Eval/Exp9/Exp9": 1.0632701330184937, "Loss/Eval/Exp9": 0.9174467372320316}, "Acc": {"Acc/Epoch0/Train/Exp1": 0.8044333333333333, "Acc/Epoch1/Train/Exp1": 0.8678666666666667, "Acc/Epoch2/Train/Exp1": 0.8833666666666666, "Acc/Epoch3/Train/Exp1": 0.8935666666666666, "Acc/Epoch4/Train/Exp1": 0.9004333333333333, "Acc/Epoch5/Train/Exp1": 0.9060666666666667, "Acc/Epoch6/Train/Exp1": 0.9093333333333333, "Acc/Epoch7/Train/Exp1": 0.9127, "Acc/Eval/Exp1/Exp1": 0.8858333333333334, "Acc/Eval/Exp1": 0.8858333333333334, "Acc/Epoch0/Train/Exp2": 0.92, "Acc/Epoch1/Train/Exp2": 0.92, "Acc/Epoch2/Train/Exp2": 0.92, "Acc/Epoch3/Train/Exp2": 0.92, "Acc/Epoch4/Train/Exp2": 0.92, "Acc/Eval/Exp2/Exp1": 0.8828333333333334, "Acc/Eval/Exp2/Exp2": 0.672, "Acc/Eval/Exp2": 0.8666153846153846, "Acc/Epoch0/Train/Exp3": 0.92, "Acc/Epoch1/Train/Exp3": 0.92, "Acc/Epoch2/Train/Exp3": 0.96, "Acc/Epoch3/Train/Exp3": 0.96, "Acc/Epoch4/Train/Exp3": 1.0, "Acc/Eval/Exp3/Exp1": 0.8805, "Acc/Eval/Exp3/Exp2": 0.638, "Acc/Eval/Exp3/Exp3": 0.78, "Acc/Eval/Exp3": 0.856, "Acc/Epoch0/Train/Exp4": 1.0, "Acc/Epoch1/Train/Exp4": 1.0, "Acc/Epoch2/Train/Exp4": 1.0, "Acc/Epoch3/Train/Exp4": 1.0, "Acc/Epoch4/Train/Exp4": 1.0, "Acc/Eval/Exp4/Exp1": 0.8748333333333334, "Acc/Eval/Exp4/Exp2": 0.618, "Acc/Eval/Exp4/Exp3": 0.75, "Acc/Eval/Exp4/Exp4": 0.608, "Acc/Eval/Exp4": 0.8316, "Acc/Epoch0/Train/Exp5": 1.0, "Acc/Epoch1/Train/Exp5": 1.0, "Acc/Epoch2/Train/Exp5": 1.0, "Acc/Epoch3/Train/Exp5": 1.0, "Acc/Epoch4/Train/Exp5": 1.0, "Acc/Eval/Exp5/Exp1": 0.871, "Acc/Eval/Exp5/Exp2": 0.62, "Acc/Eval/Exp5/Exp3": 0.742, "Acc/Eval/Exp5/Exp4": 0.602, "Acc/Eval/Exp5/Exp5": 0.808, "Acc/Eval/Exp5": 0.8265, "Acc/Epoch0/Train/Exp6": 1.0, "Acc/Epoch1/Train/Exp6": 1.0, "Acc/Epoch2/Train/Exp6": 1.0, "Acc/Epoch3/Train/Exp6": 1.0, "Acc/Epoch4/Train/Exp6": 1.0, "Acc/Eval/Exp6/Exp1": 0.8688333333333333, "Acc/Eval/Exp6/Exp2": 0.612, "Acc/Eval/Exp6/Exp3": 0.742, "Acc/Eval/Exp6/Exp4": 0.6, "Acc/Eval/Exp6/Exp5": 0.81, "Acc/Eval/Exp6/Exp6": 0.808, "Acc/Eval/Exp6": 0.8234117647058824, "Acc/Epoch0/Train/Exp7": 0.96, "Acc/Epoch1/Train/Exp7": 0.96, "Acc/Epoch2/Train/Exp7": 0.96, "Acc/Epoch3/Train/Exp7": 0.96, "Acc/Epoch4/Train/Exp7": 0.96, "Acc/Eval/Exp7/Exp1": 0.864, "Acc/Eval/Exp7/Exp2": 0.612, "Acc/Eval/Exp7/Exp3": 0.742, "Acc/Eval/Exp7/Exp4": 0.6, "Acc/Eval/Exp7/Exp5": 0.808, "Acc/Eval/Exp7/Exp6": 0.806, "Acc/Eval/Exp7/Exp7": 0.85, "Acc/Eval/Exp7": 0.8214444444444444, "Acc/Epoch0/Train/Exp8": 0.96, "Acc/Epoch1/Train/Exp8": 0.96, "Acc/Epoch2/Train/Exp8": 0.96, "Acc/Epoch3/Train/Exp8": 0.96, "Acc/Epoch4/Train/Exp8": 1.0, "Acc/Eval/Exp8/Exp1": 0.8613333333333333, "Acc/Eval/Exp8/Exp2": 0.59, "Acc/Eval/Exp8/Exp3": 0.74, "Acc/Eval/Exp8/Exp4": 0.582, "Acc/Eval/Exp8/Exp5": 0.796, "Acc/Eval/Exp8/Exp6": 0.794, "Acc/Eval/Exp8/Exp7": 0.846, "Acc/Eval/Exp8/Exp8": 0.794, "Acc/Eval/Exp8": 0.8146315789473684, "Acc/Epoch0/Train/Exp9": 1.0, "Acc/Epoch1/Train/Exp9": 1.0, "Acc/Epoch2/Train/Exp9": 1.0, "Acc/Epoch3/Train/Exp9": 1.0, "Acc/Epoch4/Train/Exp9": 1.0, "Acc/Eval/Exp9/Exp1": 0.8565, "Acc/Eval/Exp9/Exp2": 0.588, "Acc/Eval/Exp9/Exp3": 0.738, "Acc/Eval/Exp9/Exp4": 0.566, "Acc/Eval/Exp9/Exp5": 0.774, "Acc/Eval/Exp9/Exp6": 0.794, "Acc/Eval/Exp9/Exp7": 0.846, "Acc/Eval/Exp9/Exp8": 0.796, "Acc/Eval/Exp9/Exp9": 0.678, "Acc/Eval/Exp9": 0.8029, "AvgAcc": 0.832625}, "Forgetting": {"Forgetting/Eval/Exp2/Exp1": 0.0030000000000000027, "Forgetting/Eval/Exp2": 0.0030000000000000027, "Forgetting/Eval/Exp3/Exp1": 0.005333333333333412,