{"Loss": {"Loss/Epoch0/Train/Exp1": 0.47500115745067595, "Loss/Epoch1/Train/Exp1": 0.39089876563151676, "Loss/Epoch2/Train/Exp1": 0.3474627683242162, "Loss/Epoch3/Train/Exp1": 0.3217225116531054, "Loss/Epoch4/Train/Exp1": 0.30313874877293906, "Loss/Epoch5/Train/Exp1": 0.2877867737074693, "Loss/Epoch6/Train/Exp1": 0.2751331390122573, "Loss/Epoch7/Train/Exp1": 0.2618191018323104, "Loss/Eval/Exp1/Exp1": 0.3542299680908521, "Loss/Eval/Exp1": 0.3542299680908521, "Loss/Epoch0/Train/Exp2": 0.31787434983067214, "Loss/Epoch1/Train/Exp2": 0.31267305865883827, "Loss/Epoch2/Train/Exp2": 0.2968893112288788, "Loss/Epoch3/Train/Exp2": 0.27125462944619355, "Loss/Epoch4/Train/Exp2": 0.22374041259288788, "Loss/Eval/Exp2/Exp1": 0.38242952795823415, "Loss/Eval/Exp2/Exp2": 0.8412337231636048, "Loss/Eval/Exp2": 0.6118316255609195, "Loss/Epoch0/Train/Exp3": 0.06519689800479682, "Loss/Epoch1/Train/Exp3": 0.06407393332214269, "Loss/Epoch2/Train/Exp3": 0.05899452821817249, "Loss/Epoch3/Train/Exp3": 0.05476369995856658, "Loss/Epoch4/Train/Exp3": 0.04444281772710383, "Loss/Eval/Exp3/Exp1": 0.3912601193487644, "Loss/Eval/Exp3/Exp2": 0.8966530313491822, "Loss/Eval/Exp3/Exp3": 1.0445023589134217, "Loss/Eval/Exp3": 0.7774718365371228, "Loss/Epoch0/Train/Exp4": 0.08128340349940118, "Loss/Epoch1/Train/Exp4": 0.07888069003245618, "Loss/Epoch2/Train/Exp4": 0.06016470050730277, "Loss/Epoch3/Train/Exp4": 0.048229898805730045, "Loss/Epoch4/Train/Exp4": 0.031792283116374165, "Loss/Eval/Exp4/Exp1": 0.40609258140126864, "Loss/Eval/Exp4/Exp2": 0.9535228252410889, "Loss/Eval/Exp4/Exp3": 1.0942572932243346, "Loss/Eval/Exp4/Exp4": 1.7737329196929932, "Loss/Eval/Exp4": 1.0569014048899215, "Loss/Epoch0/Train/Exp5": 0.15905102820834144, "Loss/Epoch1/Train/Exp5": 0.15395943704992532, "Loss/Epoch2/Train/Exp5": 0.13642237947904504, "Loss/Epoch3/Train/Exp5": 0.10986749021452852, "Loss/Epoch4/Train/Exp5": 0.08811532238489235, "Loss/Eval/Exp5/Exp1": 0.42255082044005393, "Loss/Eval/Exp5/Exp2": 1.0054267067909242, "Loss/Eval/Exp5/Exp3": 1.1306026315689086, "Loss/Eval/Exp5/Exp4": 1.7661394062042237, "Loss/Eval/Exp5/Exp5": 0.6947516007423401, "Loss/Eval/Exp5": 1.0038942331492902, "Loss/Epoch0/Train/Exp6": 0.00880974456318654, "Loss/Epoch1/Train/Exp6": 0.008747897380872019, "Loss/Epoch2/Train/Exp6": 0.008471754959318787, "Loss/Epoch3/Train/Exp6": 0.008007764386711642, "Loss/Epoch4/Train/Exp6": 0.007585625649662689, "Loss/Eval/Exp6/Exp1": 0.4301533912420273, "Loss/Eval/Exp6/Exp2": 1.0201544294357299, "Loss/Eval/Exp6/Exp3": 1.1357648811340333, "Loss/Eval/Exp6/Exp4": 1.7686740016937257, "Loss/Eval/Exp6/Exp5": 0.6971916153430938, "Loss/Eval/Exp6/Exp6": 0.8276844167709351, "Loss/Eval/Exp6": 0.9799371226032575, "Loss/Epoch0/Train/Exp7": 0.1285070171852567, "Loss/Epoch1/Train/Exp7": 0.12448019241718612, "Loss/Epoch2/Train/Exp7": 0.11678568959527183, "Loss/Epoch3/Train/Exp7": 0.09821329571055686, "Loss/Epoch4/Train/Exp7": 0.08270407455018358, "Loss/Eval/Exp7/Exp1": 0.4520282712976138, "Loss/Eval/Exp7/Exp2": 1.0263320751190186, "Loss/Eval/Exp7/Exp3": 1.1504251179695129, "Loss/Eval/Exp7/Exp4": 1.7542441844940186, "Loss/Eval/Exp7/Exp5": 0.7015900979042053, "Loss/Eval/Exp7/Exp6": 0.8366090416908264, "Loss/Eval/Exp7/Exp7": 0.48981417083740236, "Loss/Eval/Exp7": 0.9158632799017996, "Loss/Epoch0/Train/Exp8": 0.03453368595719212, "Loss/Epoch1/Train/Exp8": 0.033917228205827994, "Loss/Epoch2/Train/Exp8": 0.03217853492998955, "Loss/Epoch3/Train/Exp8": 0.02809583975627447, "Loss/Epoch4/Train/Exp8": 0.02369922076409665, "Loss/Eval/Exp8/Exp1": 0.4637380345265071, "Loss/Eval/Exp8/Exp2": 1.1219289813041686, "Loss/Eval/Exp8/Exp3": 1.1733691506385804, "Loss/Eval/Exp8/Exp4": 1.7926605587005615, "Loss/Eval/Exp8/Exp5": 0.7255539164543152, "Loss/Eval/Exp8/Exp6": 0.8686394529342651, "Loss/Eval/Exp8/Exp7": 0.5031943159103394, "Loss/Eval/Exp8/Exp8": 0.915460470199585, "Loss/Eval/Exp8": 0.9455681100835402, "Loss/Epoch0/Train/Exp9": 0.00026206443886621854, "Loss/Epoch1/Train/Exp9": 0.0002620311809005216, "Loss/Epoch2/Train/Exp9": 0.00026198841456789526, "Loss/Epoch3/Train/Exp9": 0.0002614513212756719, "Loss/Epoch4/Train/Exp9": 0.00026106632198178657, "Loss/Eval/Exp9/Exp1": 0.4805137334167957, "Loss/Eval/Exp9/Exp2": 1.1268664565086364, "Loss/Eval/Exp9/Exp3": 1.1829640235900878, "Loss/Eval/Exp9/Exp4": 1.8131610164642333, "Loss/Eval/Exp9/Exp5": 0.8610878193378448, "Loss/Eval/Exp9/Exp6": 0.8704791316986084, "Loss/Eval/Exp9/Exp7": 0.5185461947917939, "Loss/Eval/Exp9/Exp8": 0.9189530076980591, "Loss/Eval/Exp9/Exp9": 1.244281470298767, "Loss/Eval/Exp9": 1.0018725393116474}, "Acc": {"Acc/Epoch0/Train/Exp1": 0.8520333333333333, "Acc/Epoch1/Train/Exp1": 0.8756666666666667, "Acc/Epoch2/Train/Exp1": 0.8871, "Acc/Epoch3/Train/Exp1": 0.8950333333333333, "Acc/Epoch4/Train/Exp1": 0.9008666666666667, "Acc/Epoch5/Train/Exp1": 0.9055, "Acc/Epoch6/Train/Exp1": 0.9089333333333334, "Acc/Epoch7/Train/Exp1": 0.9124333333333333, "Acc/Eval/Exp1/Exp1": 0.8866666666666667, "Acc/Eval/Exp1": 0.8866666666666667, "Acc/Epoch0/Train/Exp2": 0.92, "Acc/Epoch1/Train/Exp2": 0.92, "Acc/Epoch2/Train/Exp2": 0.92, "Acc/Epoch3/Train/Exp2": 0.92, "Acc/Epoch4/Train/Exp2": 0.92, "Acc/Eval/Exp2/Exp1": 0.8788333333333334, "Acc/Eval/Exp2/Exp2": 0.738, "Acc/Eval/Exp2": 0.868, "Acc/Epoch0/Train/Exp3": 0.96, "Acc/Epoch1/Train/Exp3": 0.96, "Acc/Epoch2/Train/Exp3": 0.96, "Acc/Epoch3/Train/Exp3": 0.96, "Acc/Epoch4/Train/Exp3": 1.0, "Acc/Eval/Exp3/Exp1": 0.8766666666666667, "Acc/Eval/Exp3/Exp2": 0.718, "Acc/Eval/Exp3/Exp3": 0.73, "Acc/Eval/Exp3": 0.8548571428571429, "Acc/Epoch0/Train/Exp4": 0.96, "Acc/Epoch1/Train/Exp4": 0.96, "Acc/Epoch2/Train/Exp4": 0.96, "Acc/Epoch3/Train/Exp4": 1.0, "Acc/Epoch4/Train/Exp4": 1.0, "Acc/Eval/Exp4/Exp1": 0.874, "Acc/Eval/Exp4/Exp2": 0.706, "Acc/Eval/Exp4/Exp3": 0.716, "Acc/Eval/Exp4/Exp4": 0.514, "Acc/Eval/Exp4": 0.8282666666666667, "Acc/Epoch0/Train/Exp5": 0.92, "Acc/Epoch1/Train/Exp5": 0.92, "Acc/Epoch2/Train/Exp5": 0.92, "Acc/Epoch3/Train/Exp5": 0.96, "Acc/Epoch4/Train/Exp5": 0.96, "Acc/Eval/Exp5/Exp1": 0.8701666666666666, "Acc/Eval/Exp5/Exp2": 0.694, "Acc/Eval/Exp5/Exp3": 0.706, "Acc/Eval/Exp5/Exp4": 0.522, "Acc/Eval/Exp5/Exp5": 0.806, "Acc/Eval/Exp5": 0.823125, "Acc/Epoch0/Train/Exp6": 1.0, "Acc/Epoch1/Train/Exp6": 1.0, "Acc/Epoch2/Train/Exp6": 1.0, "Acc/Epoch3/Train/Exp6": 1.0, "Acc/Epoch4/Train/Exp6": 1.0, "Acc/Eval/Exp6/Exp1": 0.8688333333333333, "Acc/Eval/Exp6/Exp2": 0.684, "Acc/Eval/Exp6/Exp3": 0.706, "Acc/Eval/Exp6/Exp4": 0.522, "Acc/Eval/Exp6/Exp5": 0.806, "Acc/Eval/Exp6/Exp6": 0.758, "Acc/Eval/Exp6": 0.817764705882353, "Acc/Epoch0/Train/Exp7": 0.96, "Acc/Epoch1/Train/Exp7": 0.96, "Acc/Epoch2/Train/Exp7": 0.96, "Acc/Epoch3/Train/Exp7": 0.96, "Acc/Epoch4/Train/Exp7": 0.96, "Acc/Eval/Exp7/Exp1": 0.8633333333333333, "Acc/Eval/Exp7/Exp2": 0.692, "Acc/Eval/Exp7/Exp3": 0.696, "Acc/Eval/Exp7/Exp4": 0.526, "Acc/Eval/Exp7/Exp5": 0.804, "Acc/Eval/Exp7/Exp6": 0.754, "Acc/Eval/Exp7/Exp7": 0.86, "Acc/Eval/Exp7": 0.8162222222222222, "Acc/Epoch0/Train/Exp8": 1.0, "Acc/Epoch1/Train/Exp8": 1.0, "Acc/Epoch2/Train/Exp8": 1.0, "Acc/Epoch3/Train/Exp8": 1.0, "Acc/Epoch4/Train/Exp8": 1.0, "Acc/Eval/Exp8/Exp1": 0.8595, "Acc/Eval/Exp8/Exp2": 0.664, "Acc/Eval/Exp8/Exp3": 0.698, "Acc/Eval/Exp8/Exp4": 0.522, "Acc/Eval/Exp8/Exp5": 0.798, "Acc/Eval/Exp8/Exp6": 0.744, "Acc/Eval/Exp8/Exp7": 0.858, "Acc/Eval/Exp8/Exp8": 0.744, "Acc/Eval/Exp8": 0.8074736842105263, "Acc/Epoch0/Train/Exp9": 1.0, "Acc/Epoch1/Train/Exp9": 1.0, "Acc/Epoch2/Train/Exp9": 1.0, "Acc/Epoch3/Train/Exp9": 1.0, "Acc/Epoch4/Train/Exp9": 1.0, "Acc/Eval/Exp9/Exp1": 0.854, "Acc/Eval/Exp9/Exp2": 0.664, "Acc/Eval/Exp9/Exp3": 0.696, "Acc/Eval/Exp9/Exp4": 0.522, "Acc/Eval/Exp9/Exp5": 0.754, "Acc/Eval/Exp9/Exp6": 0.744, "Acc/Eval/Exp9/Exp7": 0.856, "Acc/Eval/Exp9/Exp8": 0.744, "Acc/Eval/Exp9/Exp9": 0.634, "Acc/Eval/Exp9": 0.7931, "AvgAcc": 0.8283611111111111}, "Forgetting": {"Forgetting/Eval/Exp2/Exp1": 0.007833333333333359, "Forgetting/Eval/Exp2": 0.007833333333333359, "Forgetting/Eval/Exp3/Exp1": 0.010000000000000009,