{"Loss": {"Loss/Epoch0/Train/Exp1": 0.5169447985013326, "Loss/Epoch1/Train/Exp1": 0.41503196200529735, "Loss/Epoch2/Train/Exp1": 0.3725912612517675, "Loss/Epoch3/Train/Exp1": 0.34692201243241627, "Loss/Epoch4/Train/Exp1": 0.3229676827589671, "Loss/Epoch5/Train/Exp1": 0.30719571307500204, "Loss/Epoch6/Train/Exp1": 0.29042468805710475, "Loss/Epoch7/Train/Exp1": 0.27538093204498293, "Loss/Eval/Exp1/Exp1": 0.3552248068054517, "Loss/Eval/Exp1": 0.3552248068054517, "Loss/Epoch0/Train/Exp2": 0.31523789662867785, "Loss/Epoch1/Train/Exp2": 0.3111179081909359, "Loss/Epoch2/Train/Exp2": 0.29768764893873595, "Loss/Epoch3/Train/Exp2": 0.27421808429062366, "Loss/Epoch4/Train/Exp2": 0.22927639220502896, "Loss/Eval/Exp2/Exp1": 0.3715883798599243, "Loss/Eval/Exp2/Exp2": 0.9937471542358398, "Loss/Eval/Exp2": 0.682667767047882, "Loss/Epoch0/Train/Exp3": 0.07405468646378723, "Loss/Epoch1/Train/Exp3": 0.07178571151045617, "Loss/Epoch2/Train/Exp3": 0.06599206338403746, "Loss/Epoch3/Train/Exp3": 0.05908079985063523, "Loss/Epoch4/Train/Exp3": 0.04832301811315119, "Loss/Eval/Exp3/Exp1": 0.39105641359090804, "Loss/Eval/Exp3/Exp2": 1.07271155834198, "Loss/Eval/Exp3/Exp3": 0.8180196084976197, "Loss/Eval/Exp3": 0.7605958601435026, "Loss/Epoch0/Train/Exp4": 0.01461471344693564, "Loss/Epoch1/Train/Exp4": 0.014388916927455284, "Loss/Epoch2/Train/Exp4": 0.012313535311841406, "Loss/Epoch3/Train/Exp4": 0.010431470135226845, "Loss/Epoch4/Train/Exp4": 0.009103612331673503, "Loss/Eval/Exp4/Exp1": 0.411252310971419, "Loss/Eval/Exp4/Exp2": 1.1817918462753296, "Loss/Eval/Exp4/Exp3": 0.9474839744567871, "Loss/Eval/Exp4/Exp4": 1.1737664680480957, "Loss/Eval/Exp4": 0.9285736499379078, "Loss/Epoch0/Train/Exp5": 0.18908655144652584, "Loss/Epoch1/Train/Exp5": 0.18272403247654437, "Loss/Epoch2/Train/Exp5": 0.1539464969653636, "Loss/Epoch3/Train/Exp5": 0.12288726177765057, "Loss/Epoch4/Train/Exp5": 0.08915991768386448, "Loss/Eval/Exp5/Exp1": 0.4315008151928584, "Loss/Eval/Exp5/Exp2": 1.2590712404251099, "Loss/Eval/Exp5/Exp3": 0.9975638484954834, "Loss/Eval/Exp5/Exp4": 1.184865824699402, "Loss/Eval/Exp5/Exp5": 0.536494533777237, "Loss/Eval/Exp5": 0.8818992525180182, "Loss/Epoch0/Train/Exp6": 0.019617515759018714, "Loss/Epoch1/Train/Exp6": 0.019246068941720013, "Loss/Epoch2/Train/Exp6": 0.017155987652658952, "Loss/Epoch3/Train/Exp6": 0.014161341548897326, "Loss/Epoch4/Train/Exp6": 0.01205436469288543, "Loss/Eval/Exp6/Exp1": 0.439911469211181, "Loss/Eval/Exp6/Exp2": 1.2805382776260377, "Loss/Eval/Exp6/Exp3": 1.0021623249053955, "Loss/Eval/Exp6/Exp4": 1.1879237823486328, "Loss/Eval/Exp6/Exp5": 0.5377293581962586, "Loss/Eval/Exp6/Exp6": 0.7543820724487305, "Loss/Eval/Exp6": 0.8671078807893727, "Loss/Epoch0/Train/Exp7": 0.1186102965136456, "Loss/Epoch1/Train/Exp7": 0.11623756253737155, "Loss/Epoch2/Train/Exp7": 0.11165462172881234, "Loss/Epoch3/Train/Exp7": 0.10077919721484249, "Loss/Epoch4/Train/Exp7": 0.09021218247706657, "Loss/Eval/Exp7/Exp1": 0.4623316809336344, "Loss/Eval/Exp7/Exp2": 1.2925538167953492, "Loss/Eval/Exp7/Exp3": 1.011580654144287, "Loss/Eval/Exp7/Exp4": 1.1855822010040282, "Loss/Eval/Exp7/Exp5": 0.5387374336719513, "Loss/Eval/Exp7/Exp6": 0.7572622709274291, "Loss/Eval/Exp7/Exp7": 0.4914043779373169, "Loss/Eval/Exp7": 0.8199217764877138, "Loss/Epoch0/Train/Exp8": 0.0247156625395246, "Loss/Epoch1/Train/Exp8": 0.024353446895474917, "Loss/Epoch2/Train/Exp8": 0.023189798531666382, "Loss/Epoch3/Train/Exp8": 0.02069182830552563, "Loss/Epoch4/Train/Exp8": 0.017769474839988107, "Loss/Eval/Exp8/Exp1": 0.4764879430234432, "Loss/Eval/Exp8/Exp2": 1.3520285396575928, "Loss/Eval/Exp8/Exp3": 1.0258082361221315, "Loss/Eval/Exp8/Exp4": 1.2157615156173707, "Loss/Eval/Exp8/Exp5": 0.5554406805038452, "Loss/Eval/Exp8/Exp6": 0.8574187841415405, "Loss/Eval/Exp8/Exp7": 0.50567422747612, "Loss/Eval/Exp8/Exp8": 0.7156805984973907, "Loss/Eval/Exp8": 0.8380375656299293, "Loss/Epoch0/Train/Exp9": 0.014889339633082272, "Loss/Epoch1/Train/Exp9": 0.01330486033053603, "Loss/Epoch2/Train/Exp9": 0.01100534993207475, "Loss/Epoch3/Train/Exp9": 0.006384132959465205, "Loss/Epoch4/Train/Exp9": 0.005144861221774591, "Loss/Eval/Exp9/Exp1": 0.504202096392711, "Loss/Eval/Exp9/Exp2": 1.3608842258453369, "Loss/Eval/Exp9/Exp3": 1.0561886501312256, "Loss/Eval/Exp9/Exp4": 1.2399763822555543, "Loss/Eval/Exp9/Exp5": 0.5895860981941223, "Loss/Eval/Exp9/Exp6": 0.8577070064544677, "Loss/Eval/Exp9/Exp7": 0.5258047251701355, "Loss/Eval/Exp9/Exp8": 0.7229327883720398, "Loss/Eval/Exp9/Exp9": 0.8901404118537903, "Loss/Eval/Exp9": 0.8608247094077092}, "Acc": {"Acc/Epoch0/Train/Exp1": 0.8412333333333334, "Acc/Epoch1/Train/Exp1": 0.8677666666666667, "Acc/Epoch2/Train/Exp1": 0.8801333333333333, "Acc/Epoch3/Train/Exp1": 0.8867666666666667, "Acc/Epoch4/Train/Exp1": 0.8951666666666667, "Acc/Epoch5/Train/Exp1": 0.8990333333333334, "Acc/Epoch6/Train/Exp1": 0.9043, "Acc/Epoch7/Train/Exp1": 0.9092, "Acc/Eval/Exp1/Exp1": 0.8873333333333333, "Acc/Eval/Exp1": 0.8873333333333333, "Acc/Epoch0/Train/Exp2": 0.96, "Acc/Epoch1/Train/Exp2": 0.96, "Acc/Epoch2/Train/Exp2": 0.96, "Acc/Epoch3/Train/Exp2": 0.96, "Acc/Epoch4/Train/Exp2": 0.96, "Acc/Eval/Exp2/Exp1": 0.8826666666666667, "Acc/Eval/Exp2/Exp2": 0.696, "Acc/Eval/Exp2": 0.8683076923076923, "Acc/Epoch0/Train/Exp3": 0.96, "Acc/Epoch1/Train/Exp3": 0.96, "Acc/Epoch2/Train/Exp3": 0.96, "Acc/Epoch3/Train/Exp3": 0.96, "Acc/Epoch4/Train/Exp3": 0.96, "Acc/Eval/Exp3/Exp1": 0.8788333333333334, "Acc/Eval/Exp3/Exp2": 0.67, "Acc/Eval/Exp3/Exp3": 0.776, "Acc/Eval/Exp3": 0.8565714285714285, "Acc/Epoch0/Train/Exp4": 1.0, "Acc/Epoch1/Train/Exp4": 1.0, "Acc/Epoch2/Train/Exp4": 1.0, "Acc/Epoch3/Train/Exp4": 1.0, "Acc/Epoch4/Train/Exp4": 1.0, "Acc/Eval/Exp4/Exp1": 0.8713333333333333, "Acc/Eval/Exp4/Exp2": 0.65, "Acc/Eval/Exp4/Exp3": 0.726, "Acc/Eval/Exp4/Exp4": 0.628, "Acc/Eval/Exp4": 0.8306666666666667, "Acc/Epoch0/Train/Exp5": 0.88, "Acc/Epoch1/Train/Exp5": 0.88, "Acc/Epoch2/Train/Exp5": 0.92, "Acc/Epoch3/Train/Exp5": 0.96, "Acc/Epoch4/Train/Exp5": 0.96, "Acc/Eval/Exp5/Exp1": 0.8676666666666667, "Acc/Eval/Exp5/Exp2": 0.636, "Acc/Eval/Exp5/Exp3": 0.706, "Acc/Eval/Exp5/Exp4": 0.628, "Acc/Eval/Exp5/Exp5": 0.854, "Acc/Eval/Exp5": 0.82725, "Acc/Epoch0/Train/Exp6": 1.0, "Acc/Epoch1/Train/Exp6": 1.0, "Acc/Epoch2/Train/Exp6": 1.0, "Acc/Epoch3/Train/Exp6": 1.0, "Acc/Epoch4/Train/Exp6": 1.0, "Acc/Eval/Exp6/Exp1": 0.8655, "Acc/Eval/Exp6/Exp2": 0.63, "Acc/Eval/Exp6/Exp3": 0.706, "Acc/Eval/Exp6/Exp4": 0.624, "Acc/Eval/Exp6/Exp5": 0.854, "Acc/Eval/Exp6/Exp6": 0.784, "Acc/Eval/Exp6": 0.8225882352941176, "Acc/Epoch0/Train/Exp7": 0.96, "Acc/Epoch1/Train/Exp7": 0.96, "Acc/Epoch2/Train/Exp7": 0.96, "Acc/Epoch3/Train/Exp7": 0.96, "Acc/Epoch4/Train/Exp7": 0.96, "Acc/Eval/Exp7/Exp1": 0.8583333333333333, "Acc/Eval/Exp7/Exp2": 0.624, "Acc/Eval/Exp7/Exp3": 0.696, "Acc/Eval/Exp7/Exp4": 0.626, "Acc/Eval/Exp7/Exp5": 0.854, "Acc/Eval/Exp7/Exp6": 0.776, "Acc/Eval/Exp7/Exp7": 0.848, "Acc/Eval/Exp7": 0.818, "Acc/Epoch0/Train/Exp8": 1.0, "Acc/Epoch1/Train/Exp8": 1.0, "Acc/Epoch2/Train/Exp8": 1.0, "Acc/Epoch3/Train/Exp8": 1.0, "Acc/Epoch4/Train/Exp8": 1.0, "Acc/Eval/Exp8/Exp1": 0.8563333333333333, "Acc/Eval/Exp8/Exp2": 0.598, "Acc/Eval/Exp8/Exp3": 0.69, "Acc/Eval/Exp8/Exp4": 0.62, "Acc/Eval/Exp8/Exp5": 0.848, "Acc/Eval/Exp8/Exp6": 0.754, "Acc/Eval/Exp8/Exp7": 0.85, "Acc/Eval/Exp8/Exp8": 0.788, "Acc/Eval/Exp8": 0.8117894736842105, "Acc/Epoch0/Train/Exp9": 1.0, "Acc/Epoch1/Train/Exp9": 1.0, "Acc/Epoch2/Train/Exp9": 1.0, "Acc/Epoch3/Train/Exp9": 1.0, "Acc/Epoch4/Train/Exp9": 1.0, "Acc/Eval/Exp9/Exp1": 0.8466666666666667, "Acc/Eval/Exp9/Exp2": 0.596, "Acc/Eval/Exp9/Exp3": 0.688, "Acc/Eval/Exp9/Exp4": 0.618, "Acc/Eval/Exp9/Exp5": 0.838, "Acc/Eval/Exp9/Exp6": 0.756, "Acc/Eval/Exp9/Exp7": 0.846, "Acc/Eval/Exp9/Exp8": 0.786, "Acc/Eval/Exp9/Exp9": 0.71, "Acc/Eval/Exp9": 0.7999, "AvgAcc": 0.831625}, "Forgetting": {"Forgetting/Eval/Exp2/Exp1": 0.004666666666666597, "Forgetting/Eval/Exp2": 0.004666666666666597, "Forgetting/Eval/Exp3/Exp1": 0.008499999999999952,