{"Loss": {"Loss/Epoch0/Train/Exp1": 0.5126008331457774, "Loss/Epoch1/Train/Exp1": 0.4212839085479577, "Loss/Epoch2/Train/Exp1": 0.38090377064148584, "Loss/Epoch3/Train/Exp1": 0.3498496966481209, "Loss/Epoch4/Train/Exp1": 0.3221189599076907, "Loss/Epoch5/Train/Exp1": 0.3027235437909762, "Loss/Epoch6/Train/Exp1": 0.28632114626169203, "Loss/Epoch7/Train/Exp1": 0.270707856241862, "Loss/Eval/Exp1/Exp1": 0.358107391277949, "Loss/Eval/Exp1": 0.358107391277949, "Loss/Epoch0/Train/Exp2": 0.2924115166440606, "Loss/Epoch1/Train/Exp2": 0.28185252137482164, "Loss/Epoch2/Train/Exp2": 0.24881573468213902, "Loss/Epoch3/Train/Exp2": 0.201499496512115, "Loss/Epoch4/Train/Exp2": 0.10899208653485402, "Loss/Eval/Exp2/Exp1": 0.3888222952683767, "Loss/Eval/Exp2/Exp2": 1.0533856949806213, "Loss/Eval/Exp2": 0.721103995124499, "Loss/Epoch0/Train/Exp3": 0.09999704608624597, "Loss/Epoch1/Train/Exp3": 0.09868238645751262, "Loss/Epoch2/Train/Exp3": 0.09237027442635735, "Loss/Epoch3/Train/Exp3": 0.08822109434113372, "Loss/Epoch4/Train/Exp3": 0.07354329221183434, "Loss/Eval/Exp3/Exp1": 0.4080427612066269, "Loss/Eval/Exp3/Exp2": 1.1449958291053772, "Loss/Eval/Exp3/Exp3": 0.7144513144493103, "Loss/Eval/Exp3": 0.7558299682537714, "Loss/Epoch0/Train/Exp4": 0.018410177037585528, "Loss/Epoch1/Train/Exp4": 0.017967172290809685, "Loss/Epoch2/Train/Exp4": 0.01727723825024441, "Loss/Epoch3/Train/Exp4": 0.015510283366311342, "Loss/Epoch4/Train/Exp4": 0.013219138700515031, "Loss/Eval/Exp4/Exp1": 0.43894216779867806, "Loss/Eval/Exp4/Exp2": 1.2251785793304444, "Loss/Eval/Exp4/Exp3": 0.8005320534706116, "Loss/Eval/Exp4/Exp4": 1.1265941877365113, "Loss/Eval/Exp4": 0.8978117470840614, "Loss/Epoch0/Train/Exp5": 0.09609111079189461, "Loss/Epoch1/Train/Exp5": 0.09476138172205538, "Loss/Epoch2/Train/Exp5": 0.08922986973193474, "Loss/Epoch3/Train/Exp5": 0.0806654781967518, "Loss/Epoch4/Train/Exp5": 0.06963002517331915, "Loss/Eval/Exp5/Exp1": 0.4546300466060638, "Loss/Eval/Exp5/Exp2": 1.2628930883407592, "Loss/Eval/Exp5/Exp3": 0.8239780731201172, "Loss/Eval/Exp5/Exp4": 1.178208514213562, "Loss/Eval/Exp5/Exp5": 0.5846944251060486, "Loss/Eval/Exp5": 0.8608808294773101, "Loss/Epoch0/Train/Exp6": 0.04445080822755699, "Loss/Epoch1/Train/Exp6": 0.04302361065339483, "Loss/Epoch2/Train/Exp6": 0.0350936898382497, "Loss/Epoch3/Train/Exp6": 0.024602121034331504, "Loss/Epoch4/Train/Exp6": 0.018261279648650087, "Loss/Eval/Exp6/Exp1": 0.46489669698476793, "Loss/Eval/Exp6/Exp2": 1.2736519212722779, "Loss/Eval/Exp6/Exp3": 0.828332914352417, "Loss/Eval/Exp6/Exp4": 1.1778236417770385, "Loss/Eval/Exp6/Exp5": 0.5873145933151245, "Loss/Eval/Exp6/Exp6": 0.7051127409934997, "Loss/Eval/Exp6": 0.839522084782521, "Loss/Epoch0/Train/Exp7": 0.23273582033346657, "Loss/Epoch1/Train/Exp7": 0.22780111541480438, "Loss/Epoch2/Train/Exp7": 0.21834533034823836, "Loss/Epoch3/Train/Exp7": 0.19596041587261426, "Loss/Epoch4/Train/Exp7": 0.17363838721044886, "Loss/Eval/Exp7/Exp1": 0.47875524512926737, "Loss/Eval/Exp7/Exp2": 1.2599974145889283, "Loss/Eval/Exp7/Exp3": 0.8226142220497131, "Loss/Eval/Exp7/Exp4": 1.1660362148284913, "Loss/Eval/Exp7/Exp5": 0.5900383710861206, "Loss/Eval/Exp7/Exp6": 0.7055688409805297, "Loss/Eval/Exp7/Exp7": 0.6955849851369857, "Loss/Eval/Exp7": 0.8169421848285766, "Loss/Epoch0/Train/Exp8": 0.03076766093168544, "Loss/Epoch1/Train/Exp8": 0.02984477754958789, "Loss/Epoch2/Train/Exp8": 0.027605743091044133, "Loss/Epoch3/Train/Exp8": 0.021509154072628007, "Loss/Epoch4/Train/Exp8": 0.016310818127813036, "Loss/Eval/Exp8/Exp1": 0.4912301555077235, "Loss/Eval/Exp8/Exp2": 1.29822869682312, "Loss/Eval/Exp8/Exp3": 0.838009213924408, "Loss/Eval/Exp8/Exp4": 1.2265403852462768, "Loss/Eval/Exp8/Exp5": 0.6097887434959411, "Loss/Eval/Exp8/Exp6": 0.7647579054832458, "Loss/Eval/Exp8/Exp7": 0.7074382289648056, "Loss/Eval/Exp8/Exp8": 0.8677799978256225, "Loss/Eval/Exp8": 0.850471665908893, "Loss/Epoch0/Train/Exp9": 0.00015166640470852145, "Loss/Epoch1/Train/Exp9": 0.00015162834752118214, "Loss/Epoch2/Train/Exp9": 0.00015158072379563238, "Loss/Epoch3/Train/Exp9": 0.00015118580071430188, "Loss/Epoch4/Train/Exp9": 0.00015088128333445638, "Loss/Eval/Exp9/Exp1": 0.5087632111310959, "Loss/Eval/Exp9/Exp2": 1.3022471771240234, "Loss/Eval/Exp9/Exp3": 0.8490996446609497, "Loss/Eval/Exp9/Exp4": 1.2833388681411744, "Loss/Eval/Exp9/Exp5": 0.7228252701759338, "Loss/Eval/Exp9/Exp6": 0.7663515729904175, "Loss/Eval/Exp9/Exp7": 0.7196833366155624, "Loss/Eval/Exp9/Exp8": 0.8755462372303009, "Loss/Eval/Exp9/Exp9": 0.9837923703193665, "Loss/Eval/Exp9": 0.890183076487647}, "Acc": {"Acc/Epoch0/Train/Exp1": 0.8414666666666667, "Acc/Epoch1/Train/Exp1": 0.8663333333333333, "Acc/Epoch2/Train/Exp1": 0.8773, "Acc/Epoch3/Train/Exp1": 0.8844, "Acc/Epoch4/Train/Exp1": 0.8954666666666666, "Acc/Epoch5/Train/Exp1": 0.901, "Acc/Epoch6/Train/Exp1": 0.9061666666666667, "Acc/Epoch7/Train/Exp1": 0.9111, "Acc/Eval/Exp1/Exp1": 0.8845, "Acc/Eval/Exp1": 0.8845, "Acc/Epoch0/Train/Exp2": 0.92, "Acc/Epoch1/Train/Exp2": 0.92, "Acc/Epoch2/Train/Exp2": 0.92, "Acc/Epoch3/Train/Exp2": 0.92, "Acc/Epoch4/Train/Exp2": 0.96, "Acc/Eval/Exp2/Exp1": 0.8761666666666666, "Acc/Eval/Exp2/Exp2": 0.71, "Acc/Eval/Exp2": 0.8633846153846154, "Acc/Epoch0/Train/Exp3": 0.96, "Acc/Epoch1/Train/Exp3": 0.96, "Acc/Epoch2/Train/Exp3": 0.96, "Acc/Epoch3/Train/Exp3": 0.96, "Acc/Epoch4/Train/Exp3": 0.96, "Acc/Eval/Exp3/Exp1": 0.871, "Acc/Eval/Exp3/Exp2": 0.686, "Acc/Eval/Exp3/Exp3": 0.804, "Acc/Eval/Exp3": 0.853, "Acc/Epoch0/Train/Exp4": 1.0, "Acc/Epoch1/Train/Exp4": 1.0, "Acc/Epoch2/Train/Exp4": 1.0, "Acc/Epoch3/Train/Exp4": 1.0, "Acc/Epoch4/Train/Exp4": 1.0, "Acc/Eval/Exp4/Exp1": 0.862, "Acc/Eval/Exp4/Exp2": 0.684, "Acc/Eval/Exp4/Exp3": 0.778, "Acc/Eval/Exp4/Exp4": 0.66, "Acc/Eval/Exp4": 0.8310666666666666, "Acc/Epoch0/Train/Exp5": 0.92, "Acc/Epoch1/Train/Exp5": 0.92, "Acc/Epoch2/Train/Exp5": 0.96, "Acc/Epoch3/Train/Exp5": 1.0, "Acc/Epoch4/Train/Exp5": 1.0, "Acc/Eval/Exp5/Exp1": 0.858, "Acc/Eval/Exp5/Exp2": 0.68, "Acc/Eval/Exp5/Exp3": 0.768, "Acc/Eval/Exp5/Exp4": 0.656, "Acc/Eval/Exp5/Exp5": 0.844, "Acc/Eval/Exp5": 0.82775, "Acc/Epoch0/Train/Exp6": 0.96, "Acc/Epoch1/Train/Exp6": 0.96, "Acc/Epoch2/Train/Exp6": 0.96, "Acc/Epoch3/Train/Exp6": 1.0, "Acc/Epoch4/Train/Exp6": 1.0, "Acc/Eval/Exp6/Exp1": 0.8566666666666667, "Acc/Eval/Exp6/Exp2": 0.672, "Acc/Eval/Exp6/Exp3": 0.768, "Acc/Eval/Exp6/Exp4": 0.654, "Acc/Eval/Exp6/Exp5": 0.848, "Acc/Eval/Exp6/Exp6": 0.804, "Acc/Eval/Exp6": 0.8250588235294117, "Acc/Epoch0/Train/Exp7": 0.96, "Acc/Epoch1/Train/Exp7": 0.96, "Acc/Epoch2/Train/Exp7": 0.96, "Acc/Epoch3/Train/Exp7": 0.96, "Acc/Epoch4/Train/Exp7": 0.96, "Acc/Eval/Exp7/Exp1": 0.8518333333333333, "Acc/Eval/Exp7/Exp2": 0.672, "Acc/Eval/Exp7/Exp3": 0.766, "Acc/Eval/Exp7/Exp4": 0.654, "Acc/Eval/Exp7/Exp5": 0.842, "Acc/Eval/Exp7/Exp6": 0.806, "Acc/Eval/Exp7/Exp7": 0.808, "Acc/Eval/Exp7": 0.8205555555555556, "Acc/Epoch0/Train/Exp8": 1.0, "Acc/Epoch1/Train/Exp8": 1.0, "Acc/Epoch2/Train/Exp8": 1.0, "Acc/Epoch3/Train/Exp8": 1.0, "Acc/Epoch4/Train/Exp8": 1.0, "Acc/Eval/Exp8/Exp1": 0.8503333333333334, "Acc/Eval/Exp8/Exp2": 0.652, "Acc/Eval/Exp8/Exp3": 0.768, "Acc/Eval/Exp8/Exp4": 0.638, "Acc/Eval/Exp8/Exp5": 0.838, "Acc/Eval/Exp8/Exp6": 0.782, "Acc/Eval/Exp8/Exp7": 0.806, "Acc/Eval/Exp8/Exp8": 0.756, "Acc/Eval/Exp8": 0.8128421052631579, "Acc/Epoch0/Train/Exp9": 1.0, "Acc/Epoch1/Train/Exp9": 1.0, "Acc/Epoch2/Train/Exp9": 1.0, "Acc/Epoch3/Train/Exp9": 1.0, "Acc/Epoch4/Train/Exp9": 1.0, "Acc/Eval/Exp9/Exp1": 0.8446666666666667, "Acc/Eval/Exp9/Exp2": 0.652, "Acc/Eval/Exp9/Exp3": 0.764, "Acc/Eval/Exp9/Exp4": 0.634, "Acc/Eval/Exp9/Exp5": 0.798, "Acc/Eval/Exp9/Exp6": 0.782, "Acc/Eval/Exp9/Exp7": 0.806, "Acc/Eval/Exp9/Exp8": 0.756, "Acc/Eval/Exp9/Exp9": 0.72, "Acc/Eval/Exp9": 0.8024, "AvgAcc": 0.8317916666666667}, "Forgetting": {"Forgetting/Eval/Exp2/Exp1": 0.008333333333333304, "Forgetting/Eval/Exp2": 0.008333333333333304, "Forgetting/Eval/Exp3/Exp1": 0.013499999999999956, "Forgetting/Eval/Exp3/Exp2": 0.02399999999999991,