{"Loss": {"Loss/Epoch0/Train/Exp1": 0.5137879743337631, "Loss/Epoch1/Train/Exp1": 0.4020157812078794, "Loss/Epoch2/Train/Exp1": 0.35194929292202, "Loss/Epoch3/Train/Exp1": 0.3231993992914756, "Loss/Epoch4/Train/Exp1": 0.29914344000021614, "Loss/Epoch5/Train/Exp1": 0.28270300500591594, "Loss/Epoch6/Train/Exp1": 0.2680471155921618, "Loss/Epoch7/Train/Exp1": 0.2539412715137005, "Loss/Eval/Exp1/Exp1": 0.3391350370248159, "Loss/Eval/Exp1": 0.3391350370248159, "Loss/Epoch0/Train/Exp2": 0.30948960544541476, "Loss/Epoch1/Train/Exp2": 0.3020821015164256, "Loss/Epoch2/Train/Exp2": 0.28247904848802136, "Loss/Epoch3/Train/Exp2": 0.24982955607119947, "Loss/Epoch4/Train/Exp2": 0.20041521023958922, "Loss/Eval/Exp2/Exp1": 0.3563340956370036, "Loss/Eval/Exp2/Exp2": 0.8748160152435303, "Loss/Eval/Exp2": 0.6155750554402669, "Loss/Epoch0/Train/Exp3": 0.1667887562944088, "Loss/Epoch1/Train/Exp3": 0.15766211344031034, "Loss/Epoch2/Train/Exp3": 0.14011389641847927, "Loss/Epoch3/Train/Exp3": 0.09382890206761658, "Loss/Epoch4/Train/Exp3": 0.06215524785220623, "Loss/Eval/Exp3/Exp1": 0.36824233301480613, "Loss/Eval/Exp3/Exp2": 0.9679957942962647, "Loss/Eval/Exp3/Exp3": 0.8582119207382202, "Loss/Eval/Exp3": 0.7314833493497637, "Loss/Epoch0/Train/Exp4": 0.005053982778917998, "Loss/Epoch1/Train/Exp4": 0.005038254386163316, "Loss/Epoch2/Train/Exp4": 0.004998844519723207, "Loss/Epoch3/Train/Exp4": 0.004912387034855783, "Loss/Epoch4/Train/Exp4": 0.004771435577422381, "Loss/Eval/Exp4/Exp1": 0.38236530423164367, "Loss/Eval/Exp4/Exp2": 1.0031375093460082, "Loss/Eval/Exp4/Exp3": 0.9557960805892944, "Loss/Eval/Exp4/Exp4": 1.4526334991455079, "Loss/Eval/Exp4": 0.9484830983281136, "Loss/Epoch0/Train/Exp5": 0.05611844730796292, "Loss/Epoch1/Train/Exp5": 0.05513283671345562, "Loss/Epoch2/Train/Exp5": 0.05128154339210596, "Loss/Epoch3/Train/Exp5": 0.044747230969223895, "Loss/Epoch4/Train/Exp5": 0.03796834956636303, "Loss/Eval/Exp5/Exp1": 0.4014892928202947, "Loss/Eval/Exp5/Exp2": 1.024846954345703, "Loss/Eval/Exp5/Exp3": 0.9946453666687012, "Loss/Eval/Exp5/Exp4": 1.4841644954681397, "Loss/Eval/Exp5/Exp5": 0.5898711953163147, "Loss/Eval/Exp5": 0.8990034609238308, "Loss/Epoch0/Train/Exp6": 0.006282349503308069, "Loss/Epoch1/Train/Exp6": 0.00625878941849777, "Loss/Epoch2/Train/Exp6": 0.0061253887118436975, "Loss/Epoch3/Train/Exp6": 0.005908574497734662, "Loss/Epoch4/Train/Exp6": 0.005713443566055503, "Loss/Eval/Exp6/Exp1": 0.41114502179622653, "Loss/Eval/Exp6/Exp2": 1.0547733030319213, "Loss/Eval/Exp6/Exp3": 0.9975633645057678, "Loss/Eval/Exp6/Exp4": 1.4867812004089356, "Loss/Eval/Exp6/Exp5": 0.5931768465042114, "Loss/Eval/Exp6/Exp6": 0.6803952207565308, "Loss/Eval/Exp6": 0.870639159500599, "Loss/Epoch0/Train/Exp7": 0.15681759431083264, "Loss/Epoch1/Train/Exp7": 0.1533318750187209, "Loss/Epoch2/Train/Exp7": 0.14659647609572857, "Loss/Epoch3/Train/Exp7": 0.1306046539451927, "Loss/Epoch4/Train/Exp7": 0.1149144004937034, "Loss/Eval/Exp7/Exp1": 0.432694743792216, "Loss/Eval/Exp7/Exp2": 1.0460227041244508, "Loss/Eval/Exp7/Exp3": 0.9972220716476441, "Loss/Eval/Exp7/Exp4": 1.4843356037139892, "Loss/Eval/Exp7/Exp5": 0.5956996960639953, "Loss/Eval/Exp7/Exp6": 0.6839593596458435, "Loss/Eval/Exp7/Exp7": 0.6582535662651062, "Loss/Eval/Exp7": 0.8425982493218921, "Loss/Epoch0/Train/Exp8": 0.06348281872105303, "Loss/Epoch1/Train/Exp8": 0.06163411737317801, "Loss/Epoch2/Train/Exp8": 0.0566182254976593, "Loss/Epoch3/Train/Exp8": 0.045112470973089104, "Loss/Epoch4/Train/Exp8": 0.033811431708736565, "Loss/Eval/Exp8/Exp1": 0.44537506937980653, "Loss/Eval/Exp8/Exp2": 1.1426795530319214, "Loss/Eval/Exp8/Exp3": 1.0209742364883423, "Loss/Eval/Exp8/Exp4": 1.530706521987915, "Loss/Eval/Exp8/Exp5": 0.6070623016357422, "Loss/Eval/Exp8/Exp6": 0.7392629566192627, "Loss/Eval/Exp8/Exp7": 0.6643595974445343, "Loss/Eval/Exp8/Exp8": 0.7620869379043579, "Loss/Eval/Exp8": 0.8640633968114854, "Loss/Epoch0/Train/Exp9": 0.0022974652625634916, "Loss/Epoch1/Train/Exp9": 0.002285563868645113, "Loss/Epoch2/Train/Exp9": 0.0022607609000988307, "Loss/Epoch3/Train/Exp9": 0.002187877827363991, "Loss/Epoch4/Train/Exp9": 0.002112839171895473, "Loss/Eval/Exp9/Exp1": 0.4616041749715805, "Loss/Eval/Exp9/Exp2": 1.1509075813293457, "Loss/Eval/Exp9/Exp3": 1.0398891181945802, "Loss/Eval/Exp9/Exp4": 1.5923225784301758, "Loss/Eval/Exp9/Exp5": 0.7697444469928741, "Loss/Eval/Exp9/Exp6": 0.7414993796348571, "Loss/Eval/Exp9/Exp7": 0.682612090587616, "Loss/Eval/Exp9/Exp8": 0.7718074889183044, "Loss/Eval/Exp9/Exp9": 0.8977790713310242, "Loss/Eval/Exp9": 0.9009073255989287}, "Acc": {"Acc/Epoch0/Train/Exp1": 0.8412, "Acc/Epoch1/Train/Exp1": 0.8732, "Acc/Epoch2/Train/Exp1": 0.8852, "Acc/Epoch3/Train/Exp1": 0.8944666666666666, "Acc/Epoch4/Train/Exp1": 0.9021, "Acc/Epoch5/Train/Exp1": 0.9079, "Acc/Epoch6/Train/Exp1": 0.9121333333333334, "Acc/Epoch7/Train/Exp1": 0.917, "Acc/Eval/Exp1/Exp1": 0.8915, "Acc/Eval/Exp1": 0.8915, "Acc/Epoch0/Train/Exp2": 0.92, "Acc/Epoch1/Train/Exp2": 0.92, "Acc/Epoch2/Train/Exp2": 0.92, "Acc/Epoch3/Train/Exp2": 0.92, "Acc/Epoch4/Train/Exp2": 0.96, "Acc/Eval/Exp2/Exp1": 0.886, "Acc/Eval/Exp2/Exp2": 0.694, "Acc/Eval/Exp2": 0.8712307692307693, "Acc/Epoch0/Train/Exp3": 0.96, "Acc/Epoch1/Train/Exp3": 0.96, "Acc/Epoch2/Train/Exp3": 0.96, "Acc/Epoch3/Train/Exp3": 0.96, "Acc/Epoch4/Train/Exp3": 1.0, "Acc/Eval/Exp3/Exp1": 0.8851666666666667, "Acc/Eval/Exp3/Exp2": 0.68, "Acc/Eval/Exp3/Exp3": 0.772, "Acc/Eval/Exp3": 0.8624285714285714, "Acc/Epoch0/Train/Exp4": 1.0, "Acc/Epoch1/Train/Exp4": 1.0, "Acc/Epoch2/Train/Exp4": 1.0, "Acc/Epoch3/Train/Exp4": 1.0, "Acc/Epoch4/Train/Exp4": 1.0, "Acc/Eval/Exp4/Exp1": 0.8815, "Acc/Eval/Exp4/Exp2": 0.674, "Acc/Eval/Exp4/Exp3": 0.74, "Acc/Eval/Exp4/Exp4": 0.558, "Acc/Eval/Exp4": 0.8366666666666667, "Acc/Epoch0/Train/Exp5": 1.0, "Acc/Epoch1/Train/Exp5": 1.0, "Acc/Epoch2/Train/Exp5": 1.0, "Acc/Epoch3/Train/Exp5": 1.0, "Acc/Epoch4/Train/Exp5": 1.0, "Acc/Eval/Exp5/Exp1": 0.8758333333333334, "Acc/Eval/Exp5/Exp2": 0.674, "Acc/Eval/Exp5/Exp3": 0.728, "Acc/Eval/Exp5/Exp4": 0.554, "Acc/Eval/Exp5/Exp5": 0.844, "Acc/Eval/Exp5": 0.831875, "Acc/Epoch0/Train/Exp6": 1.0, "Acc/Epoch1/Train/Exp6": 1.0, "Acc/Epoch2/Train/Exp6": 1.0, "Acc/Epoch3/Train/Exp6": 1.0, "Acc/Epoch4/Train/Exp6": 1.0, "Acc/Eval/Exp6/Exp1": 0.8736666666666667, "Acc/Eval/Exp6/Exp2": 0.664, "Acc/Eval/Exp6/Exp3": 0.728, "Acc/Eval/Exp6/Exp4": 0.552, "Acc/Eval/Exp6/Exp5": 0.846, "Acc/Eval/Exp6/Exp6": 0.806, "Acc/Eval/Exp6": 0.8282352941176471, "Acc/Epoch0/Train/Exp7": 0.96, "Acc/Epoch1/Train/Exp7": 0.96, "Acc/Epoch2/Train/Exp7": 0.96, "Acc/Epoch3/Train/Exp7": 0.96, "Acc/Epoch4/Train/Exp7": 0.96, "Acc/Eval/Exp7/Exp1": 0.8688333333333333, "Acc/Eval/Exp7/Exp2": 0.676, "Acc/Eval/Exp7/Exp3": 0.734, "Acc/Eval/Exp7/Exp4": 0.55, "Acc/Eval/Exp7/Exp5": 0.844, "Acc/Eval/Exp7/Exp6": 0.808, "Acc/Eval/Exp7/Exp7": 0.818, "Acc/Eval/Exp7": 0.8253333333333334, "Acc/Epoch0/Train/Exp8": 0.96, "Acc/Epoch1/Train/Exp8": 0.96, "Acc/Epoch2/Train/Exp8": 0.96, "Acc/Epoch3/Train/Exp8": 1.0, "Acc/Epoch4/Train/Exp8": 1.0, "Acc/Eval/Exp8/Exp1": 0.8663333333333333, "Acc/Eval/Exp8/Exp2": 0.65, "Acc/Eval/Exp8/Exp3": 0.73, "Acc/Eval/Exp8/Exp4": 0.536, "Acc/Eval/Exp8/Exp5": 0.842, "Acc/Eval/Exp8/Exp6": 0.784, "Acc/Eval/Exp8/Exp7": 0.814, "Acc/Eval/Exp8/Exp8": 0.778, "Acc/Eval/Exp8": 0.8173684210526316, "Acc/Epoch0/Train/Exp9": 1.0, "Acc/Epoch1/Train/Exp9": 1.0, "Acc/Epoch2/Train/Exp9": 1.0, "Acc/Epoch3/Train/Exp9": 1.0, "Acc/Epoch4/Train/Exp9": 1.0, "Acc/Eval/Exp9/Exp1": 0.861, "Acc/Eval/Exp9/Exp2": 0.648, "Acc/Eval/Exp9/Exp3": 0.73, "Acc/Eval/Exp9/Exp4": 0.524, "Acc/Eval/Exp9/Exp5": 0.788, "Acc/Eval/Exp9/Exp6": 0.784, "Acc/Eval/Exp9/Exp7": 0.812, "Acc/Eval/Exp9/Exp8": 0.778, "Acc/Eval/Exp9/Exp9": 0.706, "Acc/Eval/Exp9": 0.8051, "AvgAcc": 0.8369861111111111}, "Forgetting": {"Forgetting/Eval/Exp2/Exp1": 0.005499999999999949, "Forgetting/Eval/Exp2": 0.005499999999999949, "Forgetting/Eval/Exp3/Exp1": 0.006333333333333302, "Forgetting/Eval/Exp3/Exp2": 0.013999999999999901,