{"Loss": {"Loss/Epoch0/Train/Exp1": 0.4991057142575582, "Loss/Epoch1/Train/Exp1": 0.41177245696783066, "Loss/Epoch2/Train/Exp1": 0.3690931416193644, "Loss/Epoch3/Train/Exp1": 0.3411906648715337, "Loss/Epoch4/Train/Exp1": 0.3189020754535993, "Loss/Epoch5/Train/Exp1": 0.30293738230466843, "Loss/Epoch6/Train/Exp1": 0.2866340768814087, "Loss/Epoch7/Train/Exp1": 0.2714646207809448, "Loss/Eval/Exp1/Exp1": 0.3503246925671895, "Loss/Eval/Exp1": 0.3503246925671895, "Loss/Epoch0/Train/Exp2": 0.3321476982533932, "Loss/Epoch1/Train/Exp2": 0.3259205765090883, "Loss/Epoch2/Train/Exp2": 0.3068012495833682, "Loss/Epoch3/Train/Exp2": 0.27614037742838266, "Loss/Epoch4/Train/Exp2": 0.21649089425802232, "Loss/Eval/Exp2/Exp1": 0.3664763758778572, "Loss/Eval/Exp2/Exp2": 1.104262454032898, "Loss/Eval/Exp2": 0.7353694149553776, "Loss/Epoch0/Train/Exp3": 0.18774481768603438, "Loss/Epoch1/Train/Exp3": 0.18122145131521392, "Loss/Epoch2/Train/Exp3": 0.15804379625828005, "Loss/Epoch3/Train/Exp3": 0.12783133525925222, "Loss/Epoch4/Train/Exp3": 0.08385722524486482, "Loss/Eval/Exp3/Exp1": 0.3869861143231392, "Loss/Eval/Exp3/Exp2": 1.2011929230690002, "Loss/Eval/Exp3/Exp3": 0.731384334564209, "Loss/Eval/Exp3": 0.7731877906521162, "Loss/Epoch0/Train/Exp4": 0.005002370109432377, "Loss/Epoch1/Train/Exp4": 0.004996287024987396, "Loss/Epoch2/Train/Exp4": 0.004969979217275977, "Loss/Epoch3/Train/Exp4": 0.004931142395362258, "Loss/Epoch4/Train/Exp4": 0.004879106571897864, "Loss/Eval/Exp4/Exp1": 0.4038782269159953, "Loss/Eval/Exp4/Exp2": 1.2658354034423829, "Loss/Eval/Exp4/Exp3": 0.8183271465301514, "Loss/Eval/Exp4/Exp4": 1.240816174507141, "Loss/Eval/Exp4": 0.9322142378489175, "Loss/Epoch0/Train/Exp5": 0.11038000522356015, "Loss/Epoch1/Train/Exp5": 0.10785415530204773, "Loss/Epoch2/Train/Exp5": 0.10126685228198767, "Loss/Epoch3/Train/Exp5": 0.08828288025339134, "Loss/Epoch4/Train/Exp5": 0.072107080993228, "Loss/Eval/Exp5/Exp1": 0.42195217589537304, "Loss/Eval/Exp5/Exp2": 1.295933596611023, "Loss/Eval/Exp5/Exp3": 0.8436012563705444, "Loss/Eval/Exp5/Exp4": 1.2460194282531738, "Loss/Eval/Exp5/Exp5": 0.6578040707111359, "Loss/Eval/Exp5": 0.89306210556825, "Loss/Epoch0/Train/Exp6": 0.028995549075116287, "Loss/Epoch1/Train/Exp6": 0.028385731271964688, "Loss/Epoch2/Train/Exp6": 0.025343701775054798, "Loss/Epoch3/Train/Exp6": 0.020840515608724672, "Loss/Epoch4/Train/Exp6": 0.01759252415773517, "Loss/Eval/Exp6/Exp1": 0.42966661576430004, "Loss/Eval/Exp6/Exp2": 1.3182280349731446, "Loss/Eval/Exp6/Exp3": 0.8503537669181823, "Loss/Eval/Exp6/Exp4": 1.2387423315048218, "Loss/Eval/Exp6/Exp5": 0.6549895720481873, "Loss/Eval/Exp6/Exp6": 0.8028399710655212, "Loss/Eval/Exp6": 0.8824700487123595, "Loss/Epoch0/Train/Exp7": 0.08568162743568791, "Loss/Epoch1/Train/Exp7": 0.08372374983965074, "Loss/Epoch2/Train/Exp7": 0.08003504773019814, "Loss/Epoch3/Train/Exp7": 0.07120411885247449, "Loss/Epoch4/Train/Exp7": 0.06364251815127772, "Loss/Eval/Exp7/Exp1": 0.45196759076913195, "Loss/Eval/Exp7/Exp2": 1.3152539768218994, "Loss/Eval/Exp7/Exp3": 0.8631702947616577, "Loss/Eval/Exp7/Exp4": 1.2355797681808471, "Loss/Eval/Exp7/Exp5": 0.658490485906601, "Loss/Eval/Exp7/Exp6": 0.8028465361595154, "Loss/Eval/Exp7/Exp7": 0.6234687459468842, "Loss/Eval/Exp7": 0.8501110569352195, "Loss/Epoch0/Train/Exp8": 0.030857746472161125, "Loss/Epoch1/Train/Exp8": 0.029824844450631646, "Loss/Epoch2/Train/Exp8": 0.027354476023465395, "Loss/Epoch3/Train/Exp8": 0.02062392191206527, "Loss/Epoch4/Train/Exp8": 0.015045851780782868, "Loss/Eval/Exp8/Exp1": 0.46796933710575106, "Loss/Eval/Exp8/Exp2": 1.3852250318527222, "Loss/Eval/Exp8/Exp3": 0.8921623301506042, "Loss/Eval/Exp8/Exp4": 1.2881554288864137, "Loss/Eval/Exp8/Exp5": 0.6835000824928283, "Loss/Eval/Exp8/Exp6": 0.8951016206741333, "Loss/Eval/Exp8/Exp7": 0.6415789790153503, "Loss/Eval/Exp8/Exp8": 0.7752385370731354, "Loss/Eval/Exp8": 0.8786164184063674, "Loss/Epoch0/Train/Exp9": 0.00044500465388409795, "Loss/Epoch1/Train/Exp9": 0.00044468317413702606, "Loss/Epoch2/Train/Exp9": 0.00044435209943458173, "Loss/Epoch3/Train/Exp9": 0.00044019641682098155, "Loss/Epoch4/Train/Exp9": 0.0004371043170976918, "Loss/Eval/Exp9/Exp1": 0.4819577442407608, "Loss/Eval/Exp9/Exp2": 1.3893324337005615, "Loss/Eval/Exp9/Exp3": 0.9095164718627929, "Loss/Eval/Exp9/Exp4": 1.3238517379760741, "Loss/Eval/Exp9/Exp5": 0.7956658463478088, "Loss/Eval/Exp9/Exp6": 0.89667054271698, "Loss/Eval/Exp9/Exp7": 0.6595868728160859, "Loss/Eval/Exp9/Exp8": 0.7795205495357513, "Loss/Eval/Exp9/Exp9": 1.0828869347572327, "Loss/Eval/Exp9": 0.9243321259948942}, "Acc": {"Acc/Epoch0/Train/Exp1": 0.8463, "Acc/Epoch1/Train/Exp1": 0.8691333333333333, "Acc/Epoch2/Train/Exp1": 0.88, "Acc/Epoch3/Train/Exp1": 0.8892333333333333, "Acc/Epoch4/Train/Exp1": 0.8955, "Acc/Epoch5/Train/Exp1": 0.9001333333333333, "Acc/Epoch6/Train/Exp1": 0.9047, "Acc/Epoch7/Train/Exp1": 0.9094666666666666, "Acc/Eval/Exp1/Exp1": 0.8901666666666667, "Acc/Eval/Exp1": 0.8901666666666667, "Acc/Epoch0/Train/Exp2": 0.96, "Acc/Epoch1/Train/Exp2": 0.96, "Acc/Epoch2/Train/Exp2": 0.96, "Acc/Epoch3/Train/Exp2": 0.96, "Acc/Epoch4/Train/Exp2": 0.96, "Acc/Eval/Exp2/Exp1": 0.8861666666666667, "Acc/Eval/Exp2/Exp2": 0.668, "Acc/Eval/Exp2": 0.8693846153846154, "Acc/Epoch0/Train/Exp3": 0.88, "Acc/Epoch1/Train/Exp3": 0.88, "Acc/Epoch2/Train/Exp3": 0.92, "Acc/Epoch3/Train/Exp3": 0.92, "Acc/Epoch4/Train/Exp3": 0.96, "Acc/Eval/Exp3/Exp1": 0.8788333333333334, "Acc/Eval/Exp3/Exp2": 0.652, "Acc/Eval/Exp3/Exp3": 0.788, "Acc/Eval/Exp3": 0.8561428571428571, "Acc/Epoch0/Train/Exp4": 1.0, "Acc/Epoch1/Train/Exp4": 1.0, "Acc/Epoch2/Train/Exp4": 1.0, "Acc/Epoch3/Train/Exp4": 1.0, "Acc/Epoch4/Train/Exp4": 1.0, "Acc/Eval/Exp4/Exp1": 0.875, "Acc/Eval/Exp4/Exp2": 0.634, "Acc/Eval/Exp4/Exp3": 0.756, "Acc/Eval/Exp4/Exp4": 0.63, "Acc/Eval/Exp4": 0.8346666666666667, "Acc/Epoch0/Train/Exp5": 0.96, "Acc/Epoch1/Train/Exp5": 0.96, "Acc/Epoch2/Train/Exp5": 0.96, "Acc/Epoch3/Train/Exp5": 0.96, "Acc/Epoch4/Train/Exp5": 0.96, "Acc/Eval/Exp5/Exp1": 0.8716666666666667, "Acc/Eval/Exp5/Exp2": 0.626, "Acc/Eval/Exp5/Exp3": 0.746, "Acc/Eval/Exp5/Exp4": 0.626, "Acc/Eval/Exp5/Exp5": 0.824, "Acc/Eval/Exp5": 0.830125, "Acc/Epoch0/Train/Exp6": 1.0, "Acc/Epoch1/Train/Exp6": 1.0, "Acc/Epoch2/Train/Exp6": 1.0, "Acc/Epoch3/Train/Exp6": 1.0, "Acc/Epoch4/Train/Exp6": 1.0, "Acc/Eval/Exp6/Exp1": 0.8693333333333333, "Acc/Eval/Exp6/Exp2": 0.616, "Acc/Eval/Exp6/Exp3": 0.746, "Acc/Eval/Exp6/Exp4": 0.63, "Acc/Eval/Exp6/Exp5": 0.824, "Acc/Eval/Exp6/Exp6": 0.784, "Acc/Eval/Exp6": 0.8254117647058824, "Acc/Epoch0/Train/Exp7": 0.96, "Acc/Epoch1/Train/Exp7": 0.96, "Acc/Epoch2/Train/Exp7": 0.96, "Acc/Epoch3/Train/Exp7": 0.96, "Acc/Epoch4/Train/Exp7": 0.96, "Acc/Eval/Exp7/Exp1": 0.8636666666666667, "Acc/Eval/Exp7/Exp2": 0.62, "Acc/Eval/Exp7/Exp3": 0.742, "Acc/Eval/Exp7/Exp4": 0.632, "Acc/Eval/Exp7/Exp5": 0.82, "Acc/Eval/Exp7/Exp6": 0.784, "Acc/Eval/Exp7/Exp7": 0.834, "Acc/Eval/Exp7": 0.822, "Acc/Epoch0/Train/Exp8": 0.96, "Acc/Epoch1/Train/Exp8": 1.0, "Acc/Epoch2/Train/Exp8": 1.0, "Acc/Epoch3/Train/Exp8": 1.0, "Acc/Epoch4/Train/Exp8": 1.0, "Acc/Eval/Exp8/Exp1": 0.8601666666666666, "Acc/Eval/Exp8/Exp2": 0.6, "Acc/Eval/Exp8/Exp3": 0.736, "Acc/Eval/Exp8/Exp4": 0.618, "Acc/Eval/Exp8/Exp5": 0.812, "Acc/Eval/Exp8/Exp6": 0.758, "Acc/Eval/Exp8/Exp7": 0.828, "Acc/Eval/Exp8/Exp8": 0.784, "Acc/Eval/Exp8": 0.8135789473684211, "Acc/Epoch0/Train/Exp9": 1.0, "Acc/Epoch1/Train/Exp9": 1.0, "Acc/Epoch2/Train/Exp9": 1.0, "Acc/Epoch3/Train/Exp9": 1.0, "Acc/Epoch4/Train/Exp9": 1.0, "Acc/Eval/Exp9/Exp1": 0.8551666666666666, "Acc/Eval/Exp9/Exp2": 0.6, "Acc/Eval/Exp9/Exp3": 0.736, "Acc/Eval/Exp9/Exp4": 0.614, "Acc/Eval/Exp9/Exp5": 0.766, "Acc/Eval/Exp9/Exp6": 0.758, "Acc/Eval/Exp9/Exp7": 0.826, "Acc/Eval/Exp9/Exp8": 0.784, "Acc/Eval/Exp9/Exp9": 0.67, "Acc/Eval/Exp9": 0.8008, "AvgAcc": 0.8338472222222222}, "Forgetting": {"Forgetting/Eval/Exp2/Exp1": 0.0040000000000000036, "Forgetting/Eval/Exp2": 0.0040000000000000036, "Forgetting/Eval/Exp3/Exp1": 0.011333333333333306,