{"Loss": {"Loss/Epoch0/Train/Exp1": 0.4867817031780879, "Loss/Epoch1/Train/Exp1": 0.3890963160912196, "Loss/Epoch2/Train/Exp1": 0.3362921880086263, "Loss/Epoch3/Train/Exp1": 0.30521470435957115, "Loss/Epoch4/Train/Exp1": 0.2744753651360671, "Loss/Epoch5/Train/Exp1": 0.2563037984510263, "Loss/Epoch6/Train/Exp1": 0.23769932571053504, "Loss/Epoch7/Train/Exp1": 0.21927557701468467, "Loss/Eval/Exp1/Exp1": 0.3404039176702499, "Loss/Eval/Exp1": 0.3404039176702499, "Loss/Epoch0/Train/Exp2": 0.2008262384007685, "Loss/Epoch1/Train/Exp2": 0.19534376689232885, "Loss/Epoch2/Train/Exp2": 0.17873265301575883, "Loss/Epoch3/Train/Exp2": 0.15186635651160033, "Loss/Epoch4/Train/Exp2": 0.10008124486164888, "Loss/Eval/Exp2/Exp1": 0.362939804037412, "Loss/Eval/Exp2/Exp2": 0.7215187759399414, "Loss/Eval/Exp2": 0.5422292899886767, "Loss/Epoch0/Train/Exp3": 0.07602572925912682, "Loss/Epoch1/Train/Exp3": 0.07444843314315222, "Loss/Epoch2/Train/Exp3": 0.06606571781274397, "Loss/Epoch3/Train/Exp3": 0.0608678118995158, "Loss/Epoch4/Train/Exp3": 0.04218591829529032, "Loss/Eval/Exp3/Exp1": 0.37281191563606264, "Loss/Eval/Exp3/Exp2": 0.820346378326416, "Loss/Eval/Exp3/Exp3": 0.9367216844558716, "Loss/Eval/Exp3": 0.7099599928061168, "Loss/Epoch0/Train/Exp4": 0.012457672381751763, "Loss/Epoch1/Train/Exp4": 0.012227647835097742, "Loss/Epoch2/Train/Exp4": 0.011458546549547463, "Loss/Epoch3/Train/Exp4": 0.009927152621676214, "Loss/Epoch4/Train/Exp4": 0.008698677334468812, "Loss/Eval/Exp4/Exp1": 0.3881703582207362, "Loss/Eval/Exp4/Exp2": 0.8953563337326049, "Loss/Eval/Exp4/Exp3": 1.0209902477264405, "Loss/Eval/Exp4/Exp4": 1.2944377689361573, "Loss/Eval/Exp4": 0.8997386771539847, "Loss/Epoch0/Train/Exp5": 0.11382899850304966, "Loss/Epoch1/Train/Exp5": 0.10927730455994605, "Loss/Epoch2/Train/Exp5": 0.09648877512314356, "Loss/Epoch3/Train/Exp5": 0.07761037523232517, "Loss/Epoch4/Train/Exp5": 0.05472567328117293, "Loss/Eval/Exp5/Exp1": 0.40761685196558634, "Loss/Eval/Exp5/Exp2": 0.9309316892623901, "Loss/Eval/Exp5/Exp3": 1.0602160835266112, "Loss/Eval/Exp5/Exp4": 1.3144909200668335, "Loss/Eval/Exp5/Exp5": 0.5447155594825744, "Loss/Eval/Exp5": 0.8515942208607991, "Loss/Epoch0/Train/Exp6": 0.000948337079535122, "Loss/Epoch1/Train/Exp6": 0.0009478352722339878, "Loss/Epoch2/Train/Exp6": 0.0009454960344010033, "Loss/Epoch3/Train/Exp6": 0.0009413645285530947, "Loss/Epoch4/Train/Exp6": 0.0009372423829336185, "Loss/Eval/Exp6/Exp1": 0.4162759667634964, "Loss/Eval/Exp6/Exp2": 0.9505749921798706, "Loss/Eval/Exp6/Exp3": 1.0659181628227234, "Loss/Eval/Exp6/Exp4": 1.3169354839324952, "Loss/Eval/Exp6/Exp5": 0.547077942609787, "Loss/Eval/Exp6/Exp6": 0.6499978075027466, "Loss/Eval/Exp6": 0.8244633926351866, "Loss/Epoch0/Train/Exp7": 0.09915560599561786, "Loss/Epoch1/Train/Exp7": 0.09660404634154475, "Loss/Epoch2/Train/Exp7": 0.09179823349462822, "Loss/Epoch3/Train/Exp7": 0.08075553612434305, "Loss/Epoch4/Train/Exp7": 0.07037625260158166, "Loss/Eval/Exp7/Exp1": 0.4318983060121536, "Loss/Eval/Exp7/Exp2": 0.9579070205688477, "Loss/Eval/Exp7/Exp3": 1.0748212904930114, "Loss/Eval/Exp7/Exp4": 1.3064697484970094, "Loss/Eval/Exp7/Exp5": 0.5486035690307617, "Loss/Eval/Exp7/Exp6": 0.6526102023124695, "Loss/Eval/Exp7/Exp7": 0.5094087436199188, "Loss/Eval/Exp7": 0.7831026972191675, "Loss/Epoch0/Train/Exp8": 0.04184166313054419, "Loss/Epoch1/Train/Exp8": 0.0402211032526975, "Loss/Epoch2/Train/Exp8": 0.036287993074656695, "Loss/Epoch3/Train/Exp8": 0.025961349393141972, "Loss/Epoch4/Train/Exp8": 0.017824325814872283, "Loss/Eval/Exp8/Exp1": 0.44191595923900606, "Loss/Eval/Exp8/Exp2": 0.9872491340637207, "Loss/Eval/Exp8/Exp3": 1.0980514402389527, "Loss/Eval/Exp8/Exp4": 1.3305971603393554, "Loss/Eval/Exp8/Exp5": 0.56544229388237, "Loss/Eval/Exp8/Exp6": 0.6860415449142456, "Loss/Eval/Exp8/Exp7": 0.523331784248352, "Loss/Eval/Exp8/Exp8": 0.8704992001056671, "Loss/Eval/Exp8": 0.8128910646289587, "Loss/Epoch0/Train/Exp9": 0.00593103606137447, "Loss/Epoch1/Train/Exp9": 0.005832525693112984, "Loss/Epoch2/Train/Exp9": 0.005631921993008291, "Loss/Epoch3/Train/Exp9": 0.0050848808207956606, "Loss/Epoch4/Train/Exp9": 0.00456745762436185, "Loss/Eval/Exp9/Exp1": 0.45773590552806853, "Loss/Eval/Exp9/Exp2": 0.9929371795654297, "Loss/Eval/Exp9/Exp3": 1.1169116191864015, "Loss/Eval/Exp9/Exp4": 1.3809095754623413, "Loss/Eval/Exp9/Exp5": 0.6202904827594757, "Loss/Eval/Exp9/Exp6": 0.6882488298416137, "Loss/Eval/Exp9/Exp7": 0.5390966618061066, "Loss/Eval/Exp9/Exp8": 0.8746088740825653, "Loss/Eval/Exp9/Exp9": 1.0271981916427613, "Loss/Eval/Exp9": 0.8553263688749737}, "Acc": {"Acc/Epoch0/Train/Exp1": 0.8495, "Acc/Epoch1/Train/Exp1": 0.8748333333333334, "Acc/Epoch2/Train/Exp1": 0.8905333333333333, "Acc/Epoch3/Train/Exp1": 0.8994333333333333, "Acc/Epoch4/Train/Exp1": 0.9089666666666667, "Acc/Epoch5/Train/Exp1": 0.9145666666666666, "Acc/Epoch6/Train/Exp1": 0.9194666666666667, "Acc/Epoch7/Train/Exp1": 0.9272666666666667, "Acc/Eval/Exp1/Exp1": 0.8943333333333333, "Acc/Eval/Exp1": 0.8943333333333333, "Acc/Epoch0/Train/Exp2": 0.92, "Acc/Epoch1/Train/Exp2": 0.92, "Acc/Epoch2/Train/Exp2": 0.92, "Acc/Epoch3/Train/Exp2": 0.92, "Acc/Epoch4/Train/Exp2": 0.96, "Acc/Eval/Exp2/Exp1": 0.8891666666666667, "Acc/Eval/Exp2/Exp2": 0.772, "Acc/Eval/Exp2": 0.8801538461538462, "Acc/Epoch0/Train/Exp3": 0.96, "Acc/Epoch1/Train/Exp3": 0.96, "Acc/Epoch2/Train/Exp3": 0.96, "Acc/Epoch3/Train/Exp3": 0.96, "Acc/Epoch4/Train/Exp3": 1.0, "Acc/Eval/Exp3/Exp1": 0.8866666666666667, "Acc/Eval/Exp3/Exp2": 0.75, "Acc/Eval/Exp3/Exp3": 0.742, "Acc/Eval/Exp3": 0.8665714285714285, "Acc/Epoch0/Train/Exp4": 1.0, "Acc/Epoch1/Train/Exp4": 1.0, "Acc/Epoch2/Train/Exp4": 1.0, "Acc/Epoch3/Train/Exp4": 1.0, "Acc/Epoch4/Train/Exp4": 1.0, "Acc/Eval/Exp4/Exp1": 0.8831666666666667, "Acc/Eval/Exp4/Exp2": 0.74, "Acc/Eval/Exp4/Exp3": 0.72, "Acc/Eval/Exp4/Exp4": 0.608, "Acc/Eval/Exp4": 0.8444, "Acc/Epoch0/Train/Exp5": 0.92, "Acc/Epoch1/Train/Exp5": 0.92, "Acc/Epoch2/Train/Exp5": 0.96, "Acc/Epoch3/Train/Exp5": 0.96, "Acc/Epoch4/Train/Exp5": 1.0, "Acc/Eval/Exp5/Exp1": 0.8791666666666667, "Acc/Eval/Exp5/Exp2": 0.736, "Acc/Eval/Exp5/Exp3": 0.702, "Acc/Eval/Exp5/Exp4": 0.616, "Acc/Eval/Exp5/Exp5": 0.854, "Acc/Eval/Exp5": 0.841125, "Acc/Epoch0/Train/Exp6": 1.0, "Acc/Epoch1/Train/Exp6": 1.0, "Acc/Epoch2/Train/Exp6": 1.0, "Acc/Epoch3/Train/Exp6": 1.0, "Acc/Epoch4/Train/Exp6": 1.0, "Acc/Eval/Exp6/Exp1": 0.8765, "Acc/Eval/Exp6/Exp2": 0.73, "Acc/Eval/Exp6/Exp3": 0.702, "Acc/Eval/Exp6/Exp4": 0.616, "Acc/Eval/Exp6/Exp5": 0.854, "Acc/Eval/Exp6/Exp6": 0.82, "Acc/Eval/Exp6": 0.8376470588235294, "Acc/Epoch0/Train/Exp7": 0.96, "Acc/Epoch1/Train/Exp7": 0.96, "Acc/Epoch2/Train/Exp7": 0.96, "Acc/Epoch3/Train/Exp7": 0.96, "Acc/Epoch4/Train/Exp7": 0.96, "Acc/Eval/Exp7/Exp1": 0.8723333333333333, "Acc/Eval/Exp7/Exp2": 0.724, "Acc/Eval/Exp7/Exp3": 0.7, "Acc/Eval/Exp7/Exp4": 0.618, "Acc/Eval/Exp7/Exp5": 0.854, "Acc/Eval/Exp7/Exp6": 0.822, "Acc/Eval/Exp7/Exp7": 0.854, "Acc/Eval/Exp7": 0.8355555555555556, "Acc/Epoch0/Train/Exp8": 0.96, "Acc/Epoch1/Train/Exp8": 0.96, "Acc/Epoch2/Train/Exp8": 0.96, "Acc/Epoch3/Train/Exp8": 1.0, "Acc/Epoch4/Train/Exp8": 1.0, "Acc/Eval/Exp8/Exp1": 0.871, "Acc/Eval/Exp8/Exp2": 0.708, "Acc/Eval/Exp8/Exp3": 0.698, "Acc/Eval/Exp8/Exp4": 0.614, "Acc/Eval/Exp8/Exp5": 0.846, "Acc/Eval/Exp8/Exp6": 0.802, "Acc/Eval/Exp8/Exp7": 0.854, "Acc/Eval/Exp8/Exp8": 0.746, "Acc/Eval/Exp8": 0.8273684210526315, "Acc/Epoch0/Train/Exp9": 1.0, "Acc/Epoch1/Train/Exp9": 1.0, "Acc/Epoch2/Train/Exp9": 1.0, "Acc/Epoch3/Train/Exp9": 1.0, "Acc/Epoch4/Train/Exp9": 1.0, "Acc/Eval/Exp9/Exp1": 0.8658333333333333, "Acc/Eval/Exp9/Exp2": 0.71, "Acc/Eval/Exp9/Exp3": 0.694, "Acc/Eval/Exp9/Exp4": 0.614, "Acc/Eval/Exp9/Exp5": 0.822, "Acc/Eval/Exp9/Exp6": 0.802, "Acc/Eval/Exp9/Exp7": 0.852, "Acc/Eval/Exp9/Exp8": 0.746, "Acc/Eval/Exp9/Exp9": 0.672, "Acc/Eval/Exp9": 0.8151, "AvgAcc": 0.8453611111111111}, "Forgetting": {"Forgetting/Eval/Exp2/Exp1": 0.005166666666666653, "Forgetting/Eval/Exp2": 0.005166666666666653,