{"Loss": {"Loss/Epoch0/Train/Exp1": 0.48891656388441723, "Loss/Epoch1/Train/Exp1": 0.38978474571704863, "Loss/Epoch2/Train/Exp1": 0.3391158790787061, "Loss/Epoch3/Train/Exp1": 0.30863341069221495, "Loss/Epoch4/Train/Exp1": 0.28092271852294604, "Loss/Epoch5/Train/Exp1": 0.2650876525123914, "Loss/Epoch6/Train/Exp1": 0.24927309847275417, "Loss/Epoch7/Train/Exp1": 0.23418394086559613, "Loss/Eval/Exp1/Exp1": 0.34740844095746676, "Loss/Eval/Exp1": 0.34740844095746676, "Loss/Epoch0/Train/Exp2": 0.3757897304557264, "Loss/Epoch1/Train/Exp2": 0.3624206927418709, "Loss/Epoch2/Train/Exp2": 0.3269833601638675, "Loss/Epoch3/Train/Exp2": 0.2605261241644621, "Loss/Epoch4/Train/Exp2": 0.16714996579568833, "Loss/Eval/Exp2/Exp1": 0.3661405455072721, "Loss/Eval/Exp2/Exp2": 1.0868717679977418, "Loss/Eval/Exp2": 0.726506156752507, "Loss/Epoch0/Train/Exp3": 0.05824135848044534, "Loss/Epoch1/Train/Exp3": 0.05342962578171864, "Loss/Epoch2/Train/Exp3": 0.04586646470037522, "Loss/Epoch3/Train/Exp3": 0.028717417800799012, "Loss/Epoch4/Train/Exp3": 0.020588427809998394, "Loss/Eval/Exp3/Exp1": 0.3799027200738589, "Loss/Eval/Exp3/Exp2": 1.195231092453003, "Loss/Eval/Exp3/Exp3": 0.768945419549942, "Loss/Eval/Exp3": 0.7813597440256013, "Loss/Epoch0/Train/Exp4": 0.006493537389033009, "Loss/Epoch1/Train/Exp4": 0.006468077618192183, "Loss/Epoch2/Train/Exp4": 0.006324426449136809, "Loss/Epoch3/Train/Exp4": 0.0061143157066544515, "Loss/Epoch4/Train/Exp4": 0.0058737576473504305, "Loss/Eval/Exp4/Exp1": 0.39219977472225825, "Loss/Eval/Exp4/Exp2": 1.2403150157928466, "Loss/Eval/Exp4/Exp3": 0.8328848247528076, "Loss/Eval/Exp4/Exp4": 1.4087553825378418, "Loss/Eval/Exp4": 0.9685387494514386, "Loss/Epoch0/Train/Exp5": 0.05780508743118844, "Loss/Epoch1/Train/Exp5": 0.05619021479040384, "Loss/Epoch2/Train/Exp5": 0.05202984031871893, "Loss/Epoch3/Train/Exp5": 0.04369919493125053, "Loss/Epoch4/Train/Exp5": 0.03615308546437518, "Loss/Eval/Exp5/Exp1": 0.40916333176692327, "Loss/Eval/Exp5/Exp2": 1.2949738159179687, "Loss/Eval/Exp5/Exp3": 0.8586139228343964, "Loss/Eval/Exp5/Exp4": 1.4417774085998536, "Loss/Eval/Exp5/Exp5": 0.5684596028327942, "Loss/Eval/Exp5": 0.9145976163903871, "Loss/Epoch0/Train/Exp6": 0.005067184778672526, "Loss/Epoch1/Train/Exp6": 0.0050394717488211425, "Loss/Epoch2/Train/Exp6": 0.0048871050919842675, "Loss/Epoch3/Train/Exp6": 0.004640997811438865, "Loss/Epoch4/Train/Exp6": 0.004432150155789714, "Loss/Eval/Exp6/Exp1": 0.41926793491840364, "Loss/Eval/Exp6/Exp2": 1.3226857681274413, "Loss/Eval/Exp6/Exp3": 0.8645630373954772, "Loss/Eval/Exp6/Exp4": 1.444348602294922, "Loss/Eval/Exp6/Exp5": 0.5717391566038131, "Loss/Eval/Exp6/Exp6": 0.5995611128807068, "Loss/Eval/Exp6": 0.8703609353701274, "Loss/Epoch0/Train/Exp7": 0.09285918261157321, "Loss/Epoch1/Train/Exp7": 0.09031008642457891, "Loss/Epoch2/Train/Exp7": 0.08529855773667805, "Loss/Epoch3/Train/Exp7": 0.07406495543225901, "Loss/Epoch4/Train/Exp7": 0.06345961874045315, "Loss/Eval/Exp7/Exp1": 0.43964065410693487, "Loss/Eval/Exp7/Exp2": 1.3306960067749023, "Loss/Eval/Exp7/Exp3": 0.8764255030155181, "Loss/Eval/Exp7/Exp4": 1.4349632987976073, "Loss/Eval/Exp7/Exp5": 0.5744106134176254, "Loss/Eval/Exp7/Exp6": 0.5981275329589844, "Loss/Eval/Exp7/Exp7": 0.6021480906009674, "Loss/Eval/Exp7": 0.8366302428103627, "Loss/Epoch0/Train/Exp8": 0.032805160168400106, "Loss/Epoch1/Train/Exp8": 0.031500007479098716, "Loss/Epoch2/Train/Exp8": 0.02840582888505196, "Loss/Epoch3/Train/Exp8": 0.020452122066770925, "Loss/Epoch4/Train/Exp8": 0.014424068368969927, "Loss/Eval/Exp8/Exp1": 0.45074235063791274, "Loss/Eval/Exp8/Exp2": 1.3833593158721924, "Loss/Eval/Exp8/Exp3": 0.8951967091560363, "Loss/Eval/Exp8/Exp4": 1.4673738422393798, "Loss/Eval/Exp8/Exp5": 0.5933280221223831, "Loss/Eval/Exp8/Exp6": 0.6507416911125183, "Loss/Eval/Exp8/Exp7": 0.6117238771915435, "Loss/Eval/Exp8/Exp8": 0.7498681211471557, "Loss/Eval/Exp8": 0.8502917411848903, "Loss/Epoch0/Train/Exp9": 0.0013050272512737137, "Loss/Epoch1/Train/Exp9": 0.00130128219461767, "Loss/Epoch2/Train/Exp9": 0.0012933365959906951, "Loss/Epoch3/Train/Exp9": 0.001269152896529704, "Loss/Epoch4/Train/Exp9": 0.0012444703935761937, "Loss/Eval/Exp9/Exp1": 0.4706383176445961, "Loss/Eval/Exp9/Exp2": 1.3903721961975097, "Loss/Eval/Exp9/Exp3": 0.9230733487606049, "Loss/Eval/Exp9/Exp4": 1.5400263442993165, "Loss/Eval/Exp9/Exp5": 0.6758453357219696, "Loss/Eval/Exp9/Exp6": 0.6550688886642456, "Loss/Eval/Exp9/Exp7": 0.6346524901390076, "Loss/Eval/Exp9/Exp8": 0.7630001740455628, "Loss/Eval/Exp9/Exp9": 0.761605881690979, "Loss/Eval/Exp9": 0.8682536641293103}, "Acc": {"Acc/Epoch0/Train/Exp1": 0.8475666666666667, "Acc/Epoch1/Train/Exp1": 0.8754333333333333, "Acc/Epoch2/Train/Exp1": 0.891, "Acc/Epoch3/Train/Exp1": 0.8993333333333333, "Acc/Epoch4/Train/Exp1": 0.9071666666666667, "Acc/Epoch5/Train/Exp1": 0.9109333333333334, "Acc/Epoch6/Train/Exp1": 0.9172, "Acc/Epoch7/Train/Exp1": 0.9215333333333333, "Acc/Eval/Exp1/Exp1": 0.8908333333333334, "Acc/Eval/Exp1": 0.8908333333333334, "Acc/Epoch0/Train/Exp2": 0.96, "Acc/Epoch1/Train/Exp2": 0.96, "Acc/Epoch2/Train/Exp2": 0.96, "Acc/Epoch3/Train/Exp2": 0.96, "Acc/Epoch4/Train/Exp2": 0.96, "Acc/Eval/Exp2/Exp1": 0.885, "Acc/Eval/Exp2/Exp2": 0.64, "Acc/Eval/Exp2": 0.8661538461538462, "Acc/Epoch0/Train/Exp3": 0.96, "Acc/Epoch1/Train/Exp3": 0.96, "Acc/Epoch2/Train/Exp3": 1.0, "Acc/Epoch3/Train/Exp3": 1.0, "Acc/Epoch4/Train/Exp3": 1.0, "Acc/Eval/Exp3/Exp1": 0.8835, "Acc/Eval/Exp3/Exp2": 0.61, "Acc/Eval/Exp3/Exp3": 0.782, "Acc/Eval/Exp3": 0.8567142857142858, "Acc/Epoch0/Train/Exp4": 1.0, "Acc/Epoch1/Train/Exp4": 1.0, "Acc/Epoch2/Train/Exp4": 1.0, "Acc/Epoch3/Train/Exp4": 1.0, "Acc/Epoch4/Train/Exp4": 1.0, "Acc/Eval/Exp4/Exp1": 0.88, "Acc/Eval/Exp4/Exp2": 0.608, "Acc/Eval/Exp4/Exp3": 0.76, "Acc/Eval/Exp4/Exp4": 0.548, "Acc/Eval/Exp4": 0.8317333333333333, "Acc/Epoch0/Train/Exp5": 1.0, "Acc/Epoch1/Train/Exp5": 1.0, "Acc/Epoch2/Train/Exp5": 1.0, "Acc/Epoch3/Train/Exp5": 1.0, "Acc/Epoch4/Train/Exp5": 1.0, "Acc/Eval/Exp5/Exp1": 0.8755, "Acc/Eval/Exp5/Exp2": 0.596, "Acc/Eval/Exp5/Exp3": 0.75, "Acc/Eval/Exp5/Exp4": 0.548, "Acc/Eval/Exp5/Exp5": 0.84, "Acc/Eval/Exp5": 0.8275, "Acc/Epoch0/Train/Exp6": 1.0, "Acc/Epoch1/Train/Exp6": 1.0, "Acc/Epoch2/Train/Exp6": 1.0, "Acc/Epoch3/Train/Exp6": 1.0, "Acc/Epoch4/Train/Exp6": 1.0, "Acc/Eval/Exp6/Exp1": 0.8728333333333333, "Acc/Eval/Exp6/Exp2": 0.59, "Acc/Eval/Exp6/Exp3": 0.748, "Acc/Eval/Exp6/Exp4": 0.548, "Acc/Eval/Exp6/Exp5": 0.84, "Acc/Eval/Exp6/Exp6": 0.812, "Acc/Eval/Exp6": 0.8242352941176471, "Acc/Epoch0/Train/Exp7": 0.96, "Acc/Epoch1/Train/Exp7": 0.96, "Acc/Epoch2/Train/Exp7": 0.96, "Acc/Epoch3/Train/Exp7": 0.96, "Acc/Epoch4/Train/Exp7": 0.96, "Acc/Eval/Exp7/Exp1": 0.8688333333333333, "Acc/Eval/Exp7/Exp2": 0.582, "Acc/Eval/Exp7/Exp3": 0.742, "Acc/Eval/Exp7/Exp4": 0.556, "Acc/Eval/Exp7/Exp5": 0.838, "Acc/Eval/Exp7/Exp6": 0.816, "Acc/Eval/Exp7/Exp7": 0.832, "Acc/Eval/Exp7": 0.8217777777777778, "Acc/Epoch0/Train/Exp8": 0.96, "Acc/Epoch1/Train/Exp8": 1.0, "Acc/Epoch2/Train/Exp8": 1.0, "Acc/Epoch3/Train/Exp8": 1.0, "Acc/Epoch4/Train/Exp8": 1.0, "Acc/Eval/Exp8/Exp1": 0.8668333333333333, "Acc/Eval/Exp8/Exp2": 0.57, "Acc/Eval/Exp8/Exp3": 0.744, "Acc/Eval/Exp8/Exp4": 0.55, "Acc/Eval/Exp8/Exp5": 0.836, "Acc/Eval/Exp8/Exp6": 0.79, "Acc/Eval/Exp8/Exp7": 0.828, "Acc/Eval/Exp8/Exp8": 0.778, "Acc/Eval/Exp8": 0.8156842105263158, "Acc/Epoch0/Train/Exp9": 1.0, "Acc/Epoch1/Train/Exp9": 1.0, "Acc/Epoch2/Train/Exp9": 1.0, "Acc/Epoch3/Train/Exp9": 1.0, "Acc/Epoch4/Train/Exp9": 1.0, "Acc/Eval/Exp9/Exp1": 0.8608333333333333, "Acc/Eval/Exp9/Exp2": 0.57, "Acc/Eval/Exp9/Exp3": 0.738, "Acc/Eval/Exp9/Exp4": 0.54, "Acc/Eval/Exp9/Exp5": 0.798, "Acc/Eval/Exp9/Exp6": 0.79, "Acc/Eval/Exp9/Exp7": 0.828, "Acc/Eval/Exp9/Exp8": 0.774, "Acc/Eval/Exp9/Exp9": 0.762, "Acc/Eval/Exp9": 0.8065, "AvgAcc": 0.8339722222222222}, "Forgetting": {"Forgetting/Eval/Exp2/Exp1": 0.005833333333333357, "Forgetting/Eval/Exp2": 0.005833333333333357, "Forgetting/Eval/Exp3/Exp1": 0.007333333333333414,