{"Loss": {"Loss/Epoch0/Train/Exp1": 0.49775045845508575, "Loss/Epoch1/Train/Exp1": 0.4023869611422221, "Loss/Epoch2/Train/Exp1": 0.3579756455818812, "Loss/Epoch3/Train/Exp1": 0.32997673113743464, "Loss/Epoch4/Train/Exp1": 0.3047402798771858, "Loss/Epoch5/Train/Exp1": 0.2886491089125474, "Loss/Epoch6/Train/Exp1": 0.2708689173320929, "Loss/Epoch7/Train/Exp1": 0.26358390793204306, "Loss/Eval/Exp1/Exp1": 0.35111510000626245, "Loss/Eval/Exp1": 0.35111510000626245, "Loss/Epoch0/Train/Exp2": 0.3240210847230628, "Loss/Epoch1/Train/Exp2": 0.30771229572594166, "Loss/Epoch2/Train/Exp2": 0.2759590623830445, "Loss/Epoch3/Train/Exp2": 0.23643177133053542, "Loss/Epoch4/Train/Exp2": 0.18252254368271678, "Loss/Eval/Exp2/Exp1": 0.3674348426659902, "Loss/Eval/Exp2/Exp2": 0.974913571357727, "Loss/Eval/Exp2": 0.6711742070118586, "Loss/Epoch0/Train/Exp3": 0.05186672676121816, "Loss/Epoch1/Train/Exp3": 0.05107469722010137, "Loss/Epoch2/Train/Exp3": 0.04708382689859718, "Loss/Epoch3/Train/Exp3": 0.044790238151326774, "Loss/Epoch4/Train/Exp3": 0.03607776004821062, "Loss/Eval/Exp3/Exp1": 0.37675756973028185, "Loss/Eval/Exp3/Exp2": 1.0637281045913696, "Loss/Eval/Exp3/Exp3": 1.0097557868957519, "Loss/Eval/Exp3": 0.8167471537391343, "Loss/Epoch0/Train/Exp4": 0.011335401082178578, "Loss/Epoch1/Train/Exp4": 0.011255503946413227, "Loss/Epoch2/Train/Exp4": 0.011063773711211979, "Loss/Epoch3/Train/Exp4": 0.010580682884901762, "Loss/Epoch4/Train/Exp4": 0.009797725842217915, "Loss/Eval/Exp4/Exp1": 0.39634054207801817, "Loss/Eval/Exp4/Exp2": 1.1529604873657227, "Loss/Eval/Exp4/Exp3": 1.1511808428764343, "Loss/Eval/Exp4/Exp4": 1.2571650772094727, "Loss/Eval/Exp4": 0.989411737382412, "Loss/Epoch0/Train/Exp5": 0.09369411357060016, "Loss/Epoch1/Train/Exp5": 0.09116634037462062, "Loss/Epoch2/Train/Exp5": 0.08354965659389563, "Loss/Epoch3/Train/Exp5": 0.06883306135765452, "Loss/Epoch4/Train/Exp5": 0.05494867383600649, "Loss/Eval/Exp5/Exp1": 0.41495984437068306, "Loss/Eval/Exp5/Exp2": 1.193102982521057, "Loss/Eval/Exp5/Exp3": 1.182678791284561, "Loss/Eval/Exp5/Exp4": 1.266883497238159, "Loss/Eval/Exp5/Exp5": 0.595897412776947, "Loss/Eval/Exp5": 0.9307045056382813, "Loss/Epoch0/Train/Exp6": 0.004614941884065047, "Loss/Epoch1/Train/Exp6": 0.004594574781040137, "Loss/Epoch2/Train/Exp6": 0.004490193491292303, "Loss/Epoch3/Train/Exp6": 0.004319113029414439, "Loss/Epoch4/Train/Exp6": 0.004156638398490032, "Loss/Eval/Exp6/Exp1": 0.424150818725427, "Loss/Eval/Exp6/Exp2": 1.2191565647125244, "Loss/Eval/Exp6/Exp3": 1.1878346087932588, "Loss/Eval/Exp6/Exp4": 1.2690699081420898, "Loss/Eval/Exp6/Exp5": 0.5992632060050964, "Loss/Eval/Exp6/Exp6": 0.6812832522392273, "Loss/Eval/Exp6": 0.896793059769604, "Loss/Epoch0/Train/Exp7": 0.20848282254181869, "Loss/Epoch1/Train/Exp7": 0.20437464638576786, "Loss/Epoch2/Train/Exp7": 0.19388486352865583, "Loss/Epoch3/Train/Exp7": 0.17258096147161267, "Loss/Epoch4/Train/Exp7": 0.1500963143962872, "Loss/Eval/Exp7/Exp1": 0.4495985341668129, "Loss/Eval/Exp7/Exp2": 1.2210481033325196, "Loss/Eval/Exp7/Exp3": 1.2228190670013428, "Loss/Eval/Exp7/Exp4": 1.2578887271881103, "Loss/Eval/Exp7/Exp5": 0.6040127258300781, "Loss/Eval/Exp7/Exp6": 0.6825397391319274, "Loss/Eval/Exp7/Exp7": 0.5416552431583405, "Loss/Eval/Exp7": 0.8542231628298759, "Loss/Epoch0/Train/Exp8": 0.0673463015185905, "Loss/Epoch1/Train/Exp8": 0.06512663290675846, "Loss/Epoch2/Train/Exp8": 0.059587083063960336, "Loss/Epoch3/Train/Exp8": 0.04403500621248895, "Loss/Epoch4/Train/Exp8": 0.03073409009703937, "Loss/Eval/Exp8/Exp1": 0.464788545191288, "Loss/Eval/Exp8/Exp2": 1.3161499795913696, "Loss/Eval/Exp8/Exp3": 1.2365735716819763, "Loss/Eval/Exp8/Exp4": 1.2857151374816895, "Loss/Eval/Exp8/Exp5": 0.6363742799758911, "Loss/Eval/Exp8/Exp6": 0.767667932510376, "Loss/Eval/Exp8/Exp7": 0.5530744612216949, "Loss/Eval/Exp8/Exp8": 0.7979698786735535, "Loss/Eval/Exp8": 0.8822892232909799, "Loss/Epoch0/Train/Exp9": 0.00037670039069780613, "Loss/Epoch1/Train/Exp9": 0.00037658162938896566, "Loss/Epoch2/Train/Exp9": 0.00037630602542776615, "Loss/Epoch3/Train/Exp9": 0.00037526059732044813, "Loss/Epoch4/Train/Exp9": 0.00037425789515509677, "Loss/Eval/Exp9/Exp1": 0.4791812438170115, "Loss/Eval/Exp9/Exp2": 1.319699206352234, "Loss/Eval/Exp9/Exp3": 1.2567164092063903, "Loss/Eval/Exp9/Exp4": 1.3303048248291016, "Loss/Eval/Exp9/Exp5": 0.7056176912784576, "Loss/Eval/Exp9/Exp6": 0.7688489856719971, "Loss/Eval/Exp9/Exp7": 0.5764477386474609, "Loss/Eval/Exp9/Exp8": 0.8050152659416199, "Loss/Eval/Exp9/Exp9": 0.98208975481987, "Loss/Eval/Exp9": 0.913769013396016}, "Acc": {"Acc/Epoch0/Train/Exp1": 0.8455333333333334, "Acc/Epoch1/Train/Exp1": 0.8719333333333333, "Acc/Epoch2/Train/Exp1": 0.8843666666666666, "Acc/Epoch3/Train/Exp1": 0.8906333333333334, "Acc/Epoch4/Train/Exp1": 0.8996333333333333, "Acc/Epoch5/Train/Exp1": 0.9048, "Acc/Epoch6/Train/Exp1": 0.9106, "Acc/Epoch7/Train/Exp1": 0.9135666666666666, "Acc/Eval/Exp1/Exp1": 0.8878333333333334, "Acc/Eval/Exp1": 0.8878333333333334, "Acc/Epoch0/Train/Exp2": 0.96, "Acc/Epoch1/Train/Exp2": 0.96, "Acc/Epoch2/Train/Exp2": 0.96, "Acc/Epoch3/Train/Exp2": 0.96, "Acc/Epoch4/Train/Exp2": 0.96, "Acc/Eval/Exp2/Exp1": 0.8838333333333334, "Acc/Eval/Exp2/Exp2": 0.716, "Acc/Eval/Exp2": 0.8709230769230769, "Acc/Epoch0/Train/Exp3": 0.96, "Acc/Epoch1/Train/Exp3": 0.96, "Acc/Epoch2/Train/Exp3": 0.96, "Acc/Epoch3/Train/Exp3": 1.0, "Acc/Epoch4/Train/Exp3": 1.0, "Acc/Eval/Exp3/Exp1": 0.8821666666666667, "Acc/Eval/Exp3/Exp2": 0.69, "Acc/Eval/Exp3/Exp3": 0.72, "Acc/Eval/Exp3": 0.8568571428571429, "Acc/Epoch0/Train/Exp4": 1.0, "Acc/Epoch1/Train/Exp4": 1.0, "Acc/Epoch2/Train/Exp4": 1.0, "Acc/Epoch3/Train/Exp4": 1.0, "Acc/Epoch4/Train/Exp4": 1.0, "Acc/Eval/Exp4/Exp1": 0.8781666666666667, "Acc/Eval/Exp4/Exp2": 0.676, "Acc/Eval/Exp4/Exp3": 0.686, "Acc/Eval/Exp4/Exp4": 0.586, "Acc/Eval/Exp4": 0.8324, "Acc/Epoch0/Train/Exp5": 0.96, "Acc/Epoch1/Train/Exp5": 0.96, "Acc/Epoch2/Train/Exp5": 0.96, "Acc/Epoch3/Train/Exp5": 0.96, "Acc/Epoch4/Train/Exp5": 1.0, "Acc/Eval/Exp5/Exp1": 0.8736666666666667, "Acc/Eval/Exp5/Exp2": 0.664, "Acc/Eval/Exp5/Exp3": 0.672, "Acc/Eval/Exp5/Exp4": 0.594, "Acc/Eval/Exp5/Exp5": 0.84, "Acc/Eval/Exp5": 0.828375, "Acc/Epoch0/Train/Exp6": 1.0, "Acc/Epoch1/Train/Exp6": 1.0, "Acc/Epoch2/Train/Exp6": 1.0, "Acc/Epoch3/Train/Exp6": 1.0, "Acc/Epoch4/Train/Exp6": 1.0, "Acc/Eval/Exp6/Exp1": 0.8721666666666666, "Acc/Eval/Exp6/Exp2": 0.65, "Acc/Eval/Exp6/Exp3": 0.67, "Acc/Eval/Exp6/Exp4": 0.596, "Acc/Eval/Exp6/Exp5": 0.84, "Acc/Eval/Exp6/Exp6": 0.788, "Acc/Eval/Exp6": 0.8241176470588235, "Acc/Epoch0/Train/Exp7": 0.96, "Acc/Epoch1/Train/Exp7": 0.96, "Acc/Epoch2/Train/Exp7": 0.96, "Acc/Epoch3/Train/Exp7": 0.96, "Acc/Epoch4/Train/Exp7": 0.96, "Acc/Eval/Exp7/Exp1": 0.8638333333333333, "Acc/Eval/Exp7/Exp2": 0.65, "Acc/Eval/Exp7/Exp3": 0.662, "Acc/Eval/Exp7/Exp4": 0.602, "Acc/Eval/Exp7/Exp5": 0.842, "Acc/Eval/Exp7/Exp6": 0.786, "Acc/Eval/Exp7/Exp7": 0.852, "Acc/Eval/Exp7": 0.82, "Acc/Epoch0/Train/Exp8": 0.96, "Acc/Epoch1/Train/Exp8": 0.96, "Acc/Epoch2/Train/Exp8": 0.96, "Acc/Epoch3/Train/Exp8": 0.96, "Acc/Epoch4/Train/Exp8": 1.0, "Acc/Eval/Exp8/Exp1": 0.8616666666666667, "Acc/Eval/Exp8/Exp2": 0.618, "Acc/Eval/Exp8/Exp3": 0.656, "Acc/Eval/Exp8/Exp4": 0.592, "Acc/Eval/Exp8/Exp5": 0.838, "Acc/Eval/Exp8/Exp6": 0.77, "Acc/Eval/Exp8/Exp7": 0.848, "Acc/Eval/Exp8/Exp8": 0.758, "Acc/Eval/Exp8": 0.8115789473684211, "Acc/Epoch0/Train/Exp9": 1.0, "Acc/Epoch1/Train/Exp9": 1.0, "Acc/Epoch2/Train/Exp9": 1.0, "Acc/Epoch3/Train/Exp9": 1.0, "Acc/Epoch4/Train/Exp9": 1.0, "Acc/Eval/Exp9/Exp1": 0.858, "Acc/Eval/Exp9/Exp2": 0.618, "Acc/Eval/Exp9/Exp3": 0.654, "Acc/Eval/Exp9/Exp4": 0.586, "Acc/Eval/Exp9/Exp5": 0.814, "Acc/Eval/Exp9/Exp6": 0.77, "Acc/Eval/Exp9/Exp7": 0.848, "Acc/Eval/Exp9/Exp8": 0.758, "Acc/Eval/Exp9/Exp9": 0.694, "Acc/Eval/Exp9": 0.8019, "AvgAcc": 0.8329166666666666}, "Forgetting": {"Forgetting/Eval/Exp2/Exp1": 0.0040000000000000036, "Forgetting/Eval/Exp2": 0.0040000000000000036, "Forgetting/Eval/Exp3/Exp1": 0.005666666666666709,