{"Loss": {"Loss/Epoch0/Train/Exp1": 0.4796947548786799, "Loss/Epoch1/Train/Exp1": 0.40165613075494766, "Loss/Epoch2/Train/Exp1": 0.36166226746241253, "Loss/Epoch3/Train/Exp1": 0.330750277920564, "Loss/Epoch4/Train/Exp1": 0.31040217312574386, "Loss/Epoch5/Train/Exp1": 0.2940402427057425, "Loss/Epoch6/Train/Exp1": 0.28110772001941997, "Loss/Epoch7/Train/Exp1": 0.266954580360651, "Loss/Eval/Exp1/Exp1": 0.3543968639572461, "Loss/Eval/Exp1": 0.3543968639572461, "Loss/Epoch0/Train/Exp2": 0.3670332903042436, "Loss/Epoch1/Train/Exp2": 0.31754669317044315, "Loss/Epoch2/Train/Exp2": 0.24431270636618138, "Loss/Epoch3/Train/Exp2": 0.17053829396143555, "Loss/Epoch4/Train/Exp2": 0.10399507503956557, "Loss/Eval/Exp2/Exp1": 0.38383433169126513, "Loss/Eval/Exp2/Exp2": 0.770248475074768, "Loss/Eval/Exp2": 0.5770414033830166, "Loss/Epoch0/Train/Exp3": 0.1472173913847655, "Loss/Epoch1/Train/Exp3": 0.1435646929437644, "Loss/Epoch2/Train/Exp3": 0.13155816306811174, "Loss/Epoch3/Train/Exp3": 0.11815818400122226, "Loss/Epoch4/Train/Exp3": 0.093129788688384, "Loss/Eval/Exp3/Exp1": 0.4001536705295245, "Loss/Eval/Exp3/Exp2": 0.8835421676635742, "Loss/Eval/Exp3/Exp3": 0.813458848953247, "Loss/Eval/Exp3": 0.6990515623821153, "Loss/Epoch0/Train/Exp4": 0.006174288644397166, "Loss/Epoch1/Train/Exp4": 0.006161519574234262, "Loss/Epoch2/Train/Exp4": 0.006120126137975603, "Loss/Epoch3/Train/Exp4": 0.006036494970321655, "Loss/Epoch4/Train/Exp4": 0.0059029553877189755, "Loss/Eval/Exp4/Exp1": 0.4174181200861931, "Loss/Eval/Exp4/Exp2": 0.9591453619003296, "Loss/Eval/Exp4/Exp3": 0.8920175123214722, "Loss/Eval/Exp4/Exp4": 1.380883695602417, "Loss/Eval/Exp4": 0.9123661724776031, "Loss/Epoch0/Train/Exp5": 0.06923816288006492, "Loss/Epoch1/Train/Exp5": 0.06726085299625993, "Loss/Epoch2/Train/Exp5": 0.05894484786665998, "Loss/Epoch3/Train/Exp5": 0.044215354782063516, "Loss/Epoch4/Train/Exp5": 0.035080622824607416, "Loss/Eval/Exp5/Exp1": 0.4337574851115545, "Loss/Eval/Exp5/Exp2": 0.9938421640396118, "Loss/Eval/Exp5/Exp3": 0.9456588926315308, "Loss/Eval/Exp5/Exp4": 1.44111181640625, "Loss/Eval/Exp5/Exp5": 0.6389937887191772, "Loss/Eval/Exp5": 0.8906728293816247, "Loss/Epoch0/Train/Exp6": 0.002498522561509162, "Loss/Epoch1/Train/Exp6": 0.0024914799066004887, "Loss/Epoch2/Train/Exp6": 0.0024503127284697256, "Loss/Epoch3/Train/Exp6": 0.002381478934112238, "Loss/Epoch4/Train/Exp6": 0.0023207360422748025, "Loss/Eval/Exp6/Exp1": 0.44280799019336703, "Loss/Eval/Exp6/Exp2": 1.0161010284423828, "Loss/Eval/Exp6/Exp3": 0.9524202728271485, "Loss/Eval/Exp6/Exp4": 1.44423189163208, "Loss/Eval/Exp6/Exp5": 0.6411333312988281, "Loss/Eval/Exp6/Exp6": 0.6536072397232056, "Loss/Eval/Exp6": 0.8583836256861687, "Loss/Epoch0/Train/Exp7": 0.14660267435978314, "Loss/Epoch1/Train/Exp7": 0.14437024620943703, "Loss/Epoch2/Train/Exp7": 0.14009223177563399, "Loss/Epoch3/Train/Exp7": 0.12996115504414774, "Loss/Epoch4/Train/Exp7": 0.11971124753239565, "Loss/Eval/Exp7/Exp1": 0.4614680157502492, "Loss/Eval/Exp7/Exp2": 1.0158223991394042, "Loss/Eval/Exp7/Exp3": 0.9596756620407104, "Loss/Eval/Exp7/Exp4": 1.4379081268310547, "Loss/Eval/Exp7/Exp5": 0.6452474846839905, "Loss/Eval/Exp7/Exp6": 0.6535267372131348, "Loss/Eval/Exp7/Exp7": 0.5203926653862, "Loss/Eval/Exp7": 0.8134344415778204, "Loss/Epoch0/Train/Exp8": 0.08882230621396048, "Loss/Epoch1/Train/Exp8": 0.08571237295916945, "Loss/Epoch2/Train/Exp8": 0.07798579833575786, "Loss/Epoch3/Train/Exp8": 0.05537699803657233, "Loss/Epoch4/Train/Exp8": 0.03523514809778021, "Loss/Eval/Exp8/Exp1": 0.4736857930819193, "Loss/Eval/Exp8/Exp2": 1.0890046491622924, "Loss/Eval/Exp8/Exp3": 0.9795159502029419, "Loss/Eval/Exp8/Exp4": 1.4579367532730103, "Loss/Eval/Exp8/Exp5": 0.6678275017738342, "Loss/Eval/Exp8/Exp6": 0.6856656746864319, "Loss/Eval/Exp8/Exp7": 0.5247499492168427, "Loss/Eval/Exp8/Exp8": 0.7892134363651275, "Loss/Eval/Exp8": 0.8334499634703001, "Loss/Epoch0/Train/Exp9": 0.0013180505851050838, "Loss/Epoch1/Train/Exp9": 0.0013163356494624169, "Loss/Epoch2/Train/Exp9": 0.0013125359153491444, "Loss/Epoch3/Train/Exp9": 0.0012998980166958063, "Loss/Epoch4/Train/Exp9": 0.0012870823504633221, "Loss/Eval/Exp9/Exp1": 0.49025783463319145, "Loss/Eval/Exp9/Exp2": 1.0922629137039184, "Loss/Eval/Exp9/Exp3": 0.9955977697372437, "Loss/Eval/Exp9/Exp4": 1.482464344024658, "Loss/Eval/Exp9/Exp5": 0.7069174370765686, "Loss/Eval/Exp9/Exp6": 0.6867456340789795, "Loss/Eval/Exp9/Exp7": 0.5357587513923645, "Loss/Eval/Exp9/Exp8": 0.7922529449462891, "Loss/Eval/Exp9/Exp9": 1.1050831780433654, "Loss/Eval/Exp9": 0.8763712008485087}, "Acc": {"Acc/Epoch0/Train/Exp1": 0.8493, "Acc/Epoch1/Train/Exp1": 0.8717666666666667, "Acc/Epoch2/Train/Exp1": 0.8837333333333334, "Acc/Epoch3/Train/Exp1": 0.8922, "Acc/Epoch4/Train/Exp1": 0.8973333333333333, "Acc/Epoch5/Train/Exp1": 0.9036333333333333, "Acc/Epoch6/Train/Exp1": 0.9074, "Acc/Epoch7/Train/Exp1": 0.9121, "Acc/Eval/Exp1/Exp1": 0.8891666666666667, "Acc/Eval/Exp1": 0.8891666666666667, "Acc/Epoch0/Train/Exp2": 0.88, "Acc/Epoch1/Train/Exp2": 0.92, "Acc/Epoch2/Train/Exp2": 0.96, "Acc/Epoch3/Train/Exp2": 0.96, "Acc/Epoch4/Train/Exp2": 0.96, "Acc/Eval/Exp2/Exp1": 0.8816666666666667, "Acc/Eval/Exp2/Exp2": 0.746, "Acc/Eval/Exp2": 0.8712307692307693, "Acc/Epoch0/Train/Exp3": 0.88, "Acc/Epoch1/Train/Exp3": 0.88, "Acc/Epoch2/Train/Exp3": 0.88, "Acc/Epoch3/Train/Exp3": 0.92, "Acc/Epoch4/Train/Exp3": 0.92, "Acc/Eval/Exp3/Exp1": 0.8763333333333333, "Acc/Eval/Exp3/Exp2": 0.716, "Acc/Eval/Exp3/Exp3": 0.772, "Acc/Eval/Exp3": 0.8574285714285714, "Acc/Epoch0/Train/Exp4": 1.0, "Acc/Epoch1/Train/Exp4": 1.0, "Acc/Epoch2/Train/Exp4": 1.0, "Acc/Epoch3/Train/Exp4": 1.0, "Acc/Epoch4/Train/Exp4": 1.0, "Acc/Eval/Exp4/Exp1": 0.8723333333333333, "Acc/Eval/Exp4/Exp2": 0.698, "Acc/Eval/Exp4/Exp3": 0.752, "Acc/Eval/Exp4/Exp4": 0.548, "Acc/Eval/Exp4": 0.8310666666666666, "Acc/Epoch0/Train/Exp5": 0.96, "Acc/Epoch1/Train/Exp5": 0.96, "Acc/Epoch2/Train/Exp5": 0.96, "Acc/Epoch3/Train/Exp5": 1.0, "Acc/Epoch4/Train/Exp5": 1.0, "Acc/Eval/Exp5/Exp1": 0.8668333333333333, "Acc/Eval/Exp5/Exp2": 0.69, "Acc/Eval/Exp5/Exp3": 0.742, "Acc/Eval/Exp5/Exp4": 0.532, "Acc/Eval/Exp5/Exp5": 0.818, "Acc/Eval/Exp5": 0.824, "Acc/Epoch0/Train/Exp6": 1.0, "Acc/Epoch1/Train/Exp6": 1.0, "Acc/Epoch2/Train/Exp6": 1.0, "Acc/Epoch3/Train/Exp6": 1.0, "Acc/Epoch4/Train/Exp6": 1.0, "Acc/Eval/Exp6/Exp1": 0.8646666666666667, "Acc/Eval/Exp6/Exp2": 0.684, "Acc/Eval/Exp6/Exp3": 0.74, "Acc/Eval/Exp6/Exp4": 0.532, "Acc/Eval/Exp6/Exp5": 0.818, "Acc/Eval/Exp6/Exp6": 0.824, "Acc/Eval/Exp6": 0.822, "Acc/Epoch0/Train/Exp7": 0.96, "Acc/Epoch1/Train/Exp7": 0.96, "Acc/Epoch2/Train/Exp7": 0.96, "Acc/Epoch3/Train/Exp7": 0.96, "Acc/Epoch4/Train/Exp7": 0.96, "Acc/Eval/Exp7/Exp1": 0.8623333333333333, "Acc/Eval/Exp7/Exp2": 0.684, "Acc/Eval/Exp7/Exp3": 0.74, "Acc/Eval/Exp7/Exp4": 0.538, "Acc/Eval/Exp7/Exp5": 0.816, "Acc/Eval/Exp7/Exp6": 0.824, "Acc/Eval/Exp7/Exp7": 0.842, "Acc/Eval/Exp7": 0.8217777777777778, "Acc/Epoch0/Train/Exp8": 0.96, "Acc/Epoch1/Train/Exp8": 0.96, "Acc/Epoch2/Train/Exp8": 0.96, "Acc/Epoch3/Train/Exp8": 0.96, "Acc/Epoch4/Train/Exp8": 0.96, "Acc/Eval/Exp8/Exp1": 0.8575, "Acc/Eval/Exp8/Exp2": 0.656, "Acc/Eval/Exp8/Exp3": 0.736, "Acc/Eval/Exp8/Exp4": 0.544, "Acc/Eval/Exp8/Exp5": 0.82, "Acc/Eval/Exp8/Exp6": 0.81, "Acc/Eval/Exp8/Exp7": 0.848, "Acc/Eval/Exp8/Exp8": 0.77, "Acc/Eval/Exp8": 0.8144210526315789, "Acc/Epoch0/Train/Exp9": 1.0, "Acc/Epoch1/Train/Exp9": 1.0, "Acc/Epoch2/Train/Exp9": 1.0, "Acc/Epoch3/Train/Exp9": 1.0, "Acc/Epoch4/Train/Exp9": 1.0, "Acc/Eval/Exp9/Exp1": 0.8523333333333334, "Acc/Eval/Exp9/Exp2": 0.656, "Acc/Eval/Exp9/Exp3": 0.736, "Acc/Eval/Exp9/Exp4": 0.544, "Acc/Eval/Exp9/Exp5": 0.806, "Acc/Eval/Exp9/Exp6": 0.81, "Acc/Eval/Exp9/Exp7": 0.846, "Acc/Eval/Exp9/Exp8": 0.77, "Acc/Eval/Exp9/Exp9": 0.65, "Acc/Eval/Exp9": 0.8023, "AvgAcc": 0.8328888888888889}, "Forgetting": {"Forgetting/Eval/Exp2/Exp1": 0.007499999999999951, "Forgetting/Eval/Exp2": 0.007499999999999951, "Forgetting/Eval/Exp3/Exp1": 0.012833333333333363,