{"Loss": {"Loss/Epoch0/Train/Exp1": 0.4885188947359721, "Loss/Epoch1/Train/Exp1": 0.4098333142419656, "Loss/Epoch2/Train/Exp1": 0.36808635680675506, "Loss/Epoch3/Train/Exp1": 0.33821893240610756, "Loss/Epoch4/Train/Exp1": 0.3142901908357938, "Loss/Epoch5/Train/Exp1": 0.2948289081494013, "Loss/Epoch6/Train/Exp1": 0.27851521939833956, "Loss/Epoch7/Train/Exp1": 0.26311359600226086, "Loss/Eval/Exp1/Exp1": 0.3516652756532033, "Loss/Eval/Exp1": 0.3516652756532033, "Loss/Epoch0/Train/Exp2": 0.4907503865286708, "Loss/Epoch1/Train/Exp2": 0.4632122378051281, "Loss/Epoch2/Train/Exp2": 0.40918987090233716, "Loss/Epoch3/Train/Exp2": 0.319269606443122, "Loss/Epoch4/Train/Exp2": 0.2454723171517253, "Loss/Eval/Exp2/Exp1": 0.3668128453095754, "Loss/Eval/Exp2/Exp2": 0.984451753616333, "Loss/Eval/Exp2": 0.6756322994629542, "Loss/Epoch0/Train/Exp3": 0.07442608543336973, "Loss/Epoch1/Train/Exp3": 0.0726321283300058, "Loss/Epoch2/Train/Exp3": 0.06566520428867079, "Loss/Epoch3/Train/Exp3": 0.059457191870315, "Loss/Epoch4/Train/Exp3": 0.0455722543084994, "Loss/Eval/Exp3/Exp1": 0.3819330461025238, "Loss/Eval/Exp3/Exp2": 1.0855773525238037, "Loss/Eval/Exp3/Exp3": 0.8199780004024506, "Loss/Eval/Exp3": 0.7624961330095927, "Loss/Epoch0/Train/Exp4": 0.01980787187072565, "Loss/Epoch1/Train/Exp4": 0.019354130016290584, "Loss/Epoch2/Train/Exp4": 0.01826637944788672, "Loss/Epoch3/Train/Exp4": 0.016364586520940066, "Loss/Epoch4/Train/Exp4": 0.013679668167605996, "Loss/Eval/Exp4/Exp1": 0.39614308659235636, "Loss/Eval/Exp4/Exp2": 1.1420478410720825, "Loss/Eval/Exp4/Exp3": 0.9013708662986756, "Loss/Eval/Exp4/Exp4": 1.6476757831573485, "Loss/Eval/Exp4": 1.0218093942801156, "Loss/Epoch0/Train/Exp5": 0.19593081558123232, "Loss/Epoch1/Train/Exp5": 0.19076858971267938, "Loss/Epoch2/Train/Exp5": 0.17227579587139188, "Loss/Epoch3/Train/Exp5": 0.14176676534465515, "Loss/Epoch4/Train/Exp5": 0.11312192167679314, "Loss/Eval/Exp5/Exp1": 0.41009698816140494, "Loss/Eval/Exp5/Exp2": 1.1677402925491334, "Loss/Eval/Exp5/Exp3": 0.9231764221191406, "Loss/Eval/Exp5/Exp4": 1.6122904186248779, "Loss/Eval/Exp5/Exp5": 0.6548295216560364, "Loss/Eval/Exp5": 0.9536267286221186, "Loss/Epoch0/Train/Exp6": 0.013946943595074117, "Loss/Epoch1/Train/Exp6": 0.013709172867102097, "Loss/Epoch2/Train/Exp6": 0.012377857282117474, "Loss/Epoch3/Train/Exp6": 0.010472646909038303, "Loss/Epoch4/Train/Exp6": 0.009117882017599187, "Loss/Eval/Exp6/Exp1": 0.4215567353963852, "Loss/Eval/Exp6/Exp2": 1.2123749904632568, "Loss/Eval/Exp6/Exp3": 0.9292400870323181, "Loss/Eval/Exp6/Exp4": 1.6101918563842774, "Loss/Eval/Exp6/Exp5": 0.6557145643234253, "Loss/Eval/Exp6/Exp6": 0.5703075733184815, "Loss/Eval/Exp6": 0.8998976344863573, "Loss/Epoch0/Train/Exp7": 0.15764822953438823, "Loss/Epoch1/Train/Exp7": 0.1535273105301758, "Loss/Epoch2/Train/Exp7": 0.145417612681631, "Loss/Epoch3/Train/Exp7": 0.12756258131470533, "Loss/Epoch4/Train/Exp7": 0.10958501812069699, "Loss/Eval/Exp7/Exp1": 0.43640997358163197, "Loss/Eval/Exp7/Exp2": 1.2134647216796874, "Loss/Eval/Exp7/Exp3": 0.9401218452453614, "Loss/Eval/Exp7/Exp4": 1.6108733158111572, "Loss/Eval/Exp7/Exp5": 0.6611686429977417, "Loss/Eval/Exp7/Exp6": 0.5696812829971314, "Loss/Eval/Exp7/Exp7": 1.1632044696807862, "Loss/Eval/Exp7": 0.942132035999071, "Loss/Epoch0/Train/Exp8": 0.09242489994152038, "Loss/Epoch1/Train/Exp8": 0.08956916805182118, "Loss/Epoch2/Train/Exp8": 0.0763299935686473, "Loss/Epoch3/Train/Exp8": 0.06052969439764638, "Loss/Epoch4/Train/Exp8": 0.03863952182688081, "Loss/Eval/Exp8/Exp1": 0.4476392560005188, "Loss/Eval/Exp8/Exp2": 1.3319647045135499, "Loss/Eval/Exp8/Exp3": 0.9552716455459594, "Loss/Eval/Exp8/Exp4": 1.6181843376159668, "Loss/Eval/Exp8/Exp5": 0.6724481174945831, "Loss/Eval/Exp8/Exp6": 0.5960343499183655, "Loss/Eval/Exp8/Exp7": 1.1810448665618896, "Loss/Eval/Exp8/Exp8": 0.9344548439979553, "Loss/Eval/Exp8": 0.9671302652060987, "Loss/Epoch0/Train/Exp9": 0.006701706184539944, "Loss/Epoch1/Train/Exp9": 0.006632013891357928, "Loss/Epoch2/Train/Exp9": 0.006537487158930162, "Loss/Epoch3/Train/Exp9": 0.005801963185658679, "Loss/Epoch4/Train/Exp9": 0.005300600563932676, "Loss/Eval/Exp9/Exp1": 0.46954117985566457, "Loss/Eval/Exp9/Exp2": 1.335423542022705, "Loss/Eval/Exp9/Exp3": 0.9769407815933228, "Loss/Eval/Exp9/Exp4": 1.6736922817230224, "Loss/Eval/Exp9/Exp5": 0.8635646891593933, "Loss/Eval/Exp9/Exp6": 0.5986061458587646, "Loss/Eval/Exp9/Exp7": 1.2015878076553346, "Loss/Eval/Exp9/Exp8": 0.948571569442749, "Loss/Eval/Exp9/Exp9": 0.8564132130146027, "Loss/Eval/Exp9": 0.9915934678139511}, "Acc": {"Acc/Epoch0/Train/Exp1": 0.8479, "Acc/Epoch1/Train/Exp1": 0.8704666666666667, "Acc/Epoch2/Train/Exp1": 0.8831333333333333, "Acc/Epoch3/Train/Exp1": 0.89, "Acc/Epoch4/Train/Exp1": 0.8974, "Acc/Epoch5/Train/Exp1": 0.9033333333333333, "Acc/Epoch6/Train/Exp1": 0.9078, "Acc/Epoch7/Train/Exp1": 0.9147, "Acc/Eval/Exp1/Exp1": 0.8931666666666667, "Acc/Eval/Exp1": 0.8931666666666667, "Acc/Epoch0/Train/Exp2": 0.84, "Acc/Epoch1/Train/Exp2": 0.84, "Acc/Epoch2/Train/Exp2": 0.88, "Acc/Epoch3/Train/Exp2": 0.92, "Acc/Epoch4/Train/Exp2": 0.92, "Acc/Eval/Exp2/Exp1": 0.8888333333333334, "Acc/Eval/Exp2/Exp2": 0.688, "Acc/Eval/Exp2": 0.8733846153846154, "Acc/Epoch0/Train/Exp3": 0.96, "Acc/Epoch1/Train/Exp3": 0.96, "Acc/Epoch2/Train/Exp3": 0.96, "Acc/Epoch3/Train/Exp3": 1.0, "Acc/Epoch4/Train/Exp3": 1.0, "Acc/Eval/Exp3/Exp1": 0.8838333333333334, "Acc/Eval/Exp3/Exp2": 0.66, "Acc/Eval/Exp3/Exp3": 0.784, "Acc/Eval/Exp3": 0.8607142857142858, "Acc/Epoch0/Train/Exp4": 1.0, "Acc/Epoch1/Train/Exp4": 1.0, "Acc/Epoch2/Train/Exp4": 1.0, "Acc/Epoch3/Train/Exp4": 1.0, "Acc/Epoch4/Train/Exp4": 1.0, "Acc/Eval/Exp4/Exp1": 0.8806666666666667, "Acc/Eval/Exp4/Exp2": 0.652, "Acc/Eval/Exp4/Exp3": 0.76, "Acc/Eval/Exp4/Exp4": 0.52, "Acc/Eval/Exp4": 0.8333333333333334, "Acc/Epoch0/Train/Exp5": 0.88, "Acc/Epoch1/Train/Exp5": 0.88, "Acc/Epoch2/Train/Exp5": 0.92, "Acc/Epoch3/Train/Exp5": 0.96, "Acc/Epoch4/Train/Exp5": 0.96, "Acc/Eval/Exp5/Exp1": 0.8773333333333333, "Acc/Eval/Exp5/Exp2": 0.652, "Acc/Eval/Exp5/Exp3": 0.75, "Acc/Eval/Exp5/Exp4": 0.53, "Acc/Eval/Exp5/Exp5": 0.81, "Acc/Eval/Exp5": 0.829375, "Acc/Epoch0/Train/Exp6": 1.0, "Acc/Epoch1/Train/Exp6": 1.0, "Acc/Epoch2/Train/Exp6": 1.0, "Acc/Epoch3/Train/Exp6": 1.0, "Acc/Epoch4/Train/Exp6": 1.0, "Acc/Eval/Exp6/Exp1": 0.8748333333333334, "Acc/Eval/Exp6/Exp2": 0.638, "Acc/Eval/Exp6/Exp3": 0.75, "Acc/Eval/Exp6/Exp4": 0.532, "Acc/Eval/Exp6/Exp5": 0.808, "Acc/Eval/Exp6/Exp6": 0.822, "Acc/Eval/Exp6": 0.8263529411764706, "Acc/Epoch0/Train/Exp7": 0.96, "Acc/Epoch1/Train/Exp7": 0.96, "Acc/Epoch2/Train/Exp7": 0.96, "Acc/Epoch3/Train/Exp7": 0.96, "Acc/Epoch4/Train/Exp7": 0.96, "Acc/Eval/Exp7/Exp1": 0.8711666666666666, "Acc/Eval/Exp7/Exp2": 0.634, "Acc/Eval/Exp7/Exp3": 0.744, "Acc/Eval/Exp7/Exp4": 0.534, "Acc/Eval/Exp7/Exp5": 0.81, "Acc/Eval/Exp7/Exp6": 0.824, "Acc/Eval/Exp7/Exp7": 0.764, "Acc/Eval/Exp7": 0.8202222222222222, "Acc/Epoch0/Train/Exp8": 0.92, "Acc/Epoch1/Train/Exp8": 0.96, "Acc/Epoch2/Train/Exp8": 0.96, "Acc/Epoch3/Train/Exp8": 0.96, "Acc/Epoch4/Train/Exp8": 1.0, "Acc/Eval/Exp8/Exp1": 0.8686666666666667, "Acc/Eval/Exp8/Exp2": 0.592, "Acc/Eval/Exp8/Exp3": 0.746, "Acc/Eval/Exp8/Exp4": 0.536, "Acc/Eval/Exp8/Exp5": 0.802, "Acc/Eval/Exp8/Exp6": 0.812, "Acc/Eval/Exp8/Exp7": 0.762, "Acc/Eval/Exp8/Exp8": 0.712, "Acc/Eval/Exp8": 0.8097894736842105, "Acc/Epoch0/Train/Exp9": 1.0, "Acc/Epoch1/Train/Exp9": 1.0, "Acc/Epoch2/Train/Exp9": 1.0, "Acc/Epoch3/Train/Exp9": 1.0, "Acc/Epoch4/Train/Exp9": 1.0, "Acc/Eval/Exp9/Exp1": 0.8628333333333333, "Acc/Eval/Exp9/Exp2": 0.592, "Acc/Eval/Exp9/Exp3": 0.742, "Acc/Eval/Exp9/Exp4": 0.536, "Acc/Eval/Exp9/Exp5": 0.732, "Acc/Eval/Exp9/Exp6": 0.812, "Acc/Eval/Exp9/Exp7": 0.762, "Acc/Eval/Exp9/Exp8": 0.712, "Acc/Eval/Exp9/Exp9": 0.728, "Acc/Eval/Exp9": 0.7985, "AvgAcc": 0.83375}, "Forgetting": {"Forgetting/Eval/Exp2/Exp1": 0.0043333333333333, "Forgetting/Eval/Exp2": 0.0043333333333333, "Forgetting/Eval/Exp3/Exp1": 0.009333333333333305,