{"Loss": {"Loss/Epoch0/Train/Exp1": 0.4793486392100652, "Loss/Epoch1/Train/Exp1": 0.3896436984936396, "Loss/Epoch2/Train/Exp1": 0.34152472953001656, "Loss/Epoch3/Train/Exp1": 0.3103719028363625, "Loss/Epoch4/Train/Exp1": 0.2876232133309046, "Loss/Epoch5/Train/Exp1": 0.2711682658791542, "Loss/Epoch6/Train/Exp1": 0.2552643414417903, "Loss/Epoch7/Train/Exp1": 0.23957468457420666, "Loss/Eval/Exp1/Exp1": 0.34598048142592114, "Loss/Eval/Exp1": 0.34598048142592114, "Loss/Epoch0/Train/Exp2": 0.336512516438961, "Loss/Epoch1/Train/Exp2": 0.3140346696972847, "Loss/Epoch2/Train/Exp2": 0.27405557317775675, "Loss/Epoch3/Train/Exp2": 0.20336896752938627, "Loss/Epoch4/Train/Exp2": 0.13754579854779878, "Loss/Eval/Exp2/Exp1": 0.3695479941169421, "Loss/Eval/Exp2/Exp2": 0.85153266954422, "Loss/Eval/Exp2": 0.6105403318305811, "Loss/Epoch0/Train/Exp3": 0.17736605856567622, "Loss/Epoch1/Train/Exp3": 0.16784051288908813, "Loss/Epoch2/Train/Exp3": 0.13041517576610204, "Loss/Epoch3/Train/Exp3": 0.10346007973799715, "Loss/Epoch4/Train/Exp3": 0.05434209692291916, "Loss/Eval/Exp3/Exp1": 0.38626213719447455, "Loss/Eval/Exp3/Exp2": 0.9182240805625915, "Loss/Eval/Exp3/Exp3": 0.763364881515503, "Loss/Eval/Exp3": 0.689283699757523, "Loss/Epoch0/Train/Exp4": 0.006615994349122047, "Loss/Epoch1/Train/Exp4": 0.006590502578656014, "Loss/Epoch2/Train/Exp4": 0.006431464059278369, "Loss/Epoch3/Train/Exp4": 0.006221845925028902, "Loss/Epoch4/Train/Exp4": 0.005954922054079361, "Loss/Eval/Exp4/Exp1": 0.4018958997130394, "Loss/Eval/Exp4/Exp2": 1.0026771750450134, "Loss/Eval/Exp4/Exp3": 0.817808934211731, "Loss/Eval/Exp4/Exp4": 1.2332054805755615, "Loss/Eval/Exp4": 0.8638968723863363, "Loss/Epoch0/Train/Exp5": 0.019023531870625447, "Loss/Epoch1/Train/Exp5": 0.01877880163490772, "Loss/Epoch2/Train/Exp5": 0.018053927248110994, "Loss/Epoch3/Train/Exp5": 0.016604109903855715, "Loss/Epoch4/Train/Exp5": 0.014964679344193427, "Loss/Eval/Exp5/Exp1": 0.42161761929591496, "Loss/Eval/Exp5/Exp2": 1.0553776865005493, "Loss/Eval/Exp5/Exp3": 0.8642378001213074, "Loss/Eval/Exp5/Exp4": 1.2577590265274048, "Loss/Eval/Exp5/Exp5": 0.6721686978340149, "Loss/Eval/Exp5": 0.8542321660558383, "Loss/Epoch0/Train/Exp6": 0.008057927088957513, "Loss/Epoch1/Train/Exp6": 0.0079760488759257, "Loss/Epoch2/Train/Exp6": 0.007502705876486288, "Loss/Epoch3/Train/Exp6": 0.006769771699473495, "Loss/Epoch4/Train/Exp6": 0.00619132479550899, "Loss/Eval/Exp6/Exp1": 0.4299935449759165, "Loss/Eval/Exp6/Exp2": 1.077685757637024, "Loss/Eval/Exp6/Exp3": 0.8737131123542785, "Loss/Eval/Exp6/Exp4": 1.2583470306396485, "Loss/Eval/Exp6/Exp5": 0.675534250497818, "Loss/Eval/Exp6/Exp6": 0.7494842972755432, "Loss/Eval/Exp6": 0.8441263322300382, "Loss/Epoch0/Train/Exp7": 0.06858734045437814, "Loss/Epoch1/Train/Exp7": 0.06631844051181361, "Loss/Epoch2/Train/Exp7": 0.06208530740812421, "Loss/Epoch3/Train/Exp7": 0.05275680175629532, "Loss/Epoch4/Train/Exp7": 0.0446894495561628, "Loss/Eval/Exp7/Exp1": 0.4507027639746666, "Loss/Eval/Exp7/Exp2": 1.0890077438354493, "Loss/Eval/Exp7/Exp3": 0.9003581576347351, "Loss/Eval/Exp7/Exp4": 1.250409873008728, "Loss/Eval/Exp7/Exp5": 0.6813150815963745, "Loss/Eval/Exp7/Exp6": 0.7487704553604126, "Loss/Eval/Exp7/Exp7": 0.39842727518081666, "Loss/Eval/Exp7": 0.7884273357987405, "Loss/Epoch0/Train/Exp8": 0.022355352153417697, "Loss/Epoch1/Train/Exp8": 0.02141417025402916, "Loss/Epoch2/Train/Exp8": 0.019195022306093962, "Loss/Epoch3/Train/Exp8": 0.013728281839539704, "Loss/Epoch4/Train/Exp8": 0.009844277717529621, "Loss/Eval/Exp8/Exp1": 0.46735981875658034, "Loss/Eval/Exp8/Exp2": 1.150818726539612, "Loss/Eval/Exp8/Exp3": 0.92886585521698, "Loss/Eval/Exp8/Exp4": 1.3265592374801636, "Loss/Eval/Exp8/Exp5": 0.7002432811260223, "Loss/Eval/Exp8/Exp6": 0.7969289655685425, "Loss/Eval/Exp8/Exp7": 0.41876514387130737, "Loss/Eval/Exp8/Exp8": 0.6024463086128234, "Loss/Eval/Exp8": 0.798998417146504, "Loss/Epoch0/Train/Exp9": 0.0009595683484803885, "Loss/Epoch1/Train/Exp9": 0.0009584204104612582, "Loss/Epoch2/Train/Exp9": 0.0009558978897257475, "Loss/Epoch3/Train/Exp9": 0.0009475584019446614, "Loss/Epoch4/Train/Exp9": 0.0009391176595815409, "Loss/Eval/Exp9/Exp1": 0.4870860376358032, "Loss/Eval/Exp9/Exp2": 1.1562511014938355, "Loss/Eval/Exp9/Exp3": 0.9547389440536499, "Loss/Eval/Exp9/Exp4": 1.379672604560852, "Loss/Eval/Exp9/Exp5": 0.7471431322097778, "Loss/Eval/Exp9/Exp6": 0.8003955516815185, "Loss/Eval/Exp9/Exp7": 0.4318000466823578, "Loss/Eval/Exp9/Exp8": 0.608195945262909, "Loss/Eval/Exp9/Exp9": 0.9372254328727723, "Loss/Eval/Exp9": 0.8336120884948306}, "Acc": {"Acc/Epoch0/Train/Exp1": 0.8519333333333333, "Acc/Epoch1/Train/Exp1": 0.8756666666666667, "Acc/Epoch2/Train/Exp1": 0.8881, "Acc/Epoch3/Train/Exp1": 0.9005666666666666, "Acc/Epoch4/Train/Exp1": 0.9061333333333333, "Acc/Epoch5/Train/Exp1": 0.9100666666666667, "Acc/Epoch6/Train/Exp1": 0.9159666666666667, "Acc/Epoch7/Train/Exp1": 0.9197333333333333, "Acc/Eval/Exp1/Exp1": 0.8938333333333334, "Acc/Eval/Exp1": 0.8938333333333334, "Acc/Epoch0/Train/Exp2": 0.88, "Acc/Epoch1/Train/Exp2": 0.92, "Acc/Epoch2/Train/Exp2": 0.92, "Acc/Epoch3/Train/Exp2": 0.96, "Acc/Epoch4/Train/Exp2": 0.96, "Acc/Eval/Exp2/Exp1": 0.8866666666666667, "Acc/Eval/Exp2/Exp2": 0.724, "Acc/Eval/Exp2": 0.8741538461538462, "Acc/Epoch0/Train/Exp3": 0.92, "Acc/Epoch1/Train/Exp3": 0.92, "Acc/Epoch2/Train/Exp3": 0.92, "Acc/Epoch3/Train/Exp3": 0.92, "Acc/Epoch4/Train/Exp3": 0.96, "Acc/Eval/Exp3/Exp1": 0.8846666666666667, "Acc/Eval/Exp3/Exp2": 0.71, "Acc/Eval/Exp3/Exp3": 0.788, "Acc/Eval/Exp3": 0.8652857142857143, "Acc/Epoch0/Train/Exp4": 1.0, "Acc/Epoch1/Train/Exp4": 1.0, "Acc/Epoch2/Train/Exp4": 1.0, "Acc/Epoch3/Train/Exp4": 1.0, "Acc/Epoch4/Train/Exp4": 1.0, "Acc/Eval/Exp4/Exp1": 0.8793333333333333, "Acc/Eval/Exp4/Exp2": 0.694, "Acc/Eval/Exp4/Exp3": 0.768, "Acc/Eval/Exp4/Exp4": 0.63, "Acc/Eval/Exp4": 0.8429333333333333, "Acc/Epoch0/Train/Exp5": 1.0, "Acc/Epoch1/Train/Exp5": 1.0, "Acc/Epoch2/Train/Exp5": 1.0, "Acc/Epoch3/Train/Exp5": 1.0, "Acc/Epoch4/Train/Exp5": 1.0, "Acc/Eval/Exp5/Exp1": 0.873, "Acc/Eval/Exp5/Exp2": 0.68, "Acc/Eval/Exp5/Exp3": 0.76, "Acc/Eval/Exp5/Exp4": 0.628, "Acc/Eval/Exp5/Exp5": 0.842, "Acc/Eval/Exp5": 0.836625, "Acc/Epoch0/Train/Exp6": 1.0, "Acc/Epoch1/Train/Exp6": 1.0, "Acc/Epoch2/Train/Exp6": 1.0, "Acc/Epoch3/Train/Exp6": 1.0, "Acc/Epoch4/Train/Exp6": 1.0, "Acc/Eval/Exp6/Exp1": 0.8705, "Acc/Eval/Exp6/Exp2": 0.674, "Acc/Eval/Exp6/Exp3": 0.76, "Acc/Eval/Exp6/Exp4": 0.626, "Acc/Eval/Exp6/Exp5": 0.84, "Acc/Eval/Exp6/Exp6": 0.782, "Acc/Eval/Exp6": 0.8310588235294117, "Acc/Epoch0/Train/Exp7": 0.96, "Acc/Epoch1/Train/Exp7": 0.96, "Acc/Epoch2/Train/Exp7": 0.96, "Acc/Epoch3/Train/Exp7": 1.0, "Acc/Epoch4/Train/Exp7": 1.0, "Acc/Eval/Exp7/Exp1": 0.8643333333333333, "Acc/Eval/Exp7/Exp2": 0.672, "Acc/Eval/Exp7/Exp3": 0.75, "Acc/Eval/Exp7/Exp4": 0.626, "Acc/Eval/Exp7/Exp5": 0.84, "Acc/Eval/Exp7/Exp6": 0.784, "Acc/Eval/Exp7/Exp7": 0.892, "Acc/Eval/Exp7": 0.8297777777777777, "Acc/Epoch0/Train/Exp8": 1.0, "Acc/Epoch1/Train/Exp8": 1.0, "Acc/Epoch2/Train/Exp8": 1.0, "Acc/Epoch3/Train/Exp8": 1.0, "Acc/Epoch4/Train/Exp8": 1.0, "Acc/Eval/Exp8/Exp1": 0.8623333333333333, "Acc/Eval/Exp8/Exp2": 0.648, "Acc/Eval/Exp8/Exp3": 0.756, "Acc/Eval/Exp8/Exp4": 0.614, "Acc/Eval/Exp8/Exp5": 0.828, "Acc/Eval/Exp8/Exp6": 0.772, "Acc/Eval/Exp8/Exp7": 0.886, "Acc/Eval/Exp8/Exp8": 0.808, "Acc/Eval/Exp8": 0.8242105263157895, "Acc/Epoch0/Train/Exp9": 1.0, "Acc/Epoch1/Train/Exp9": 1.0, "Acc/Epoch2/Train/Exp9": 1.0, "Acc/Epoch3/Train/Exp9": 1.0, "Acc/Epoch4/Train/Exp9": 1.0, "Acc/Eval/Exp9/Exp1": 0.8558333333333333, "Acc/Eval/Exp9/Exp2": 0.648, "Acc/Eval/Exp9/Exp3": 0.75, "Acc/Eval/Exp9/Exp4": 0.606, "Acc/Eval/Exp9/Exp5": 0.814, "Acc/Eval/Exp9/Exp6": 0.772, "Acc/Eval/Exp9/Exp7": 0.886, "Acc/Eval/Exp9/Exp8": 0.806, "Acc/Eval/Exp9/Exp9": 0.694, "Acc/Eval/Exp9": 0.8123, "AvgAcc": 0.8416944444444444}, "Forgetting": {"Forgetting/Eval/Exp2/Exp1": 0.0071666666666666545, "Forgetting/Eval/Exp2": 0.0071666666666666545,