{"Loss": {"Loss/Epoch0/Train/Exp1": 0.4866255622545878, "Loss/Epoch1/Train/Exp1": 0.397856426735719, "Loss/Epoch2/Train/Exp1": 0.3485330293218295, "Loss/Epoch3/Train/Exp1": 0.31769498084783554, "Loss/Epoch4/Train/Exp1": 0.29242817835410434, "Loss/Epoch5/Train/Exp1": 0.2739773141026497, "Loss/Epoch6/Train/Exp1": 0.25747989833752316, "Loss/Epoch7/Train/Exp1": 0.24460070145328838, "Loss/Eval/Exp1/Exp1": 0.3475250088175138, "Loss/Eval/Exp1": 0.3475250088175138, "Loss/Epoch0/Train/Exp2": 0.16367956083267926, "Loss/Epoch1/Train/Exp2": 0.1510106611251831, "Loss/Epoch2/Train/Exp2": 0.1151585420500487, "Loss/Epoch3/Train/Exp2": 0.07042220471426845, "Loss/Epoch4/Train/Exp2": 0.028012063661590217, "Loss/Eval/Exp2/Exp1": 0.3617990989685059, "Loss/Eval/Exp2/Exp2": 1.17602587890625, "Loss/Eval/Exp2": 0.768912488937378, "Loss/Epoch0/Train/Exp3": 0.1079687376448419, "Loss/Epoch1/Train/Exp3": 0.09639609940029914, "Loss/Epoch2/Train/Exp3": 0.07231207465551051, "Loss/Epoch3/Train/Exp3": 0.04031908370438032, "Loss/Epoch4/Train/Exp3": 0.023386257998645306, "Loss/Eval/Exp3/Exp1": 0.37578323898712795, "Loss/Eval/Exp3/Exp2": 1.2296648664474488, "Loss/Eval/Exp3/Exp3": 0.8370449855327606, "Loss/Eval/Exp3": 0.8141643636557792, "Loss/Epoch0/Train/Exp4": 0.015118998555699363, "Loss/Epoch1/Train/Exp4": 0.014948499572346919, "Loss/Epoch2/Train/Exp4": 0.013967026235768572, "Loss/Epoch3/Train/Exp4": 0.012548582711024209, "Loss/Epoch4/Train/Exp4": 0.010639798898482695, "Loss/Eval/Exp4/Exp1": 0.3947429546316465, "Loss/Eval/Exp4/Exp2": 1.3661169185638429, "Loss/Eval/Exp4/Exp3": 0.8984759697914123, "Loss/Eval/Exp4/Exp4": 1.3338216075897216, "Loss/Eval/Exp4": 0.9982893626441558, "Loss/Epoch0/Train/Exp5": 0.12872689811287275, "Loss/Epoch1/Train/Exp5": 0.12623228879645468, "Loss/Epoch2/Train/Exp5": 0.11939833992742933, "Loss/Epoch3/Train/Exp5": 0.10493096051919565, "Loss/Epoch4/Train/Exp5": 0.08932523800524905, "Loss/Eval/Exp5/Exp1": 0.4119171162645022, "Loss/Eval/Exp5/Exp2": 1.4276409358978273, "Loss/Eval/Exp5/Exp3": 0.9488454146385192, "Loss/Eval/Exp5/Exp4": 1.342144769668579, "Loss/Eval/Exp5/Exp5": 0.701379063129425, "Loss/Eval/Exp5": 0.9663854599197705, "Loss/Epoch0/Train/Exp6": 0.0019787919154623523, "Loss/Epoch1/Train/Exp6": 0.001973837496188935, "Loss/Epoch2/Train/Exp6": 0.0019610362570529104, "Loss/Epoch3/Train/Exp6": 0.0019390963477781042, "Loss/Epoch4/Train/Exp6": 0.0019016208907123655, "Loss/Eval/Exp6/Exp1": 0.41928657406568526, "Loss/Eval/Exp6/Exp2": 1.4557256488800048, "Loss/Eval/Exp6/Exp3": 0.9533317694664002, "Loss/Eval/Exp6/Exp4": 1.3441503648757935, "Loss/Eval/Exp6/Exp5": 0.7044129552841186, "Loss/Eval/Exp6/Exp6": 0.7043743081092835, "Loss/Eval/Exp6": 0.930213603446881, "Loss/Epoch0/Train/Exp7": 0.1193455229374922, "Loss/Epoch1/Train/Exp7": 0.11628599200626923, "Loss/Epoch2/Train/Exp7": 0.11040574939921498, "Loss/Epoch3/Train/Exp7": 0.09665007877978496, "Loss/Epoch4/Train/Exp7": 0.08302399598059765, "Loss/Eval/Exp7/Exp1": 0.4351245547334353, "Loss/Eval/Exp7/Exp2": 1.4526096000671387, "Loss/Eval/Exp7/Exp3": 0.9602411966323853, "Loss/Eval/Exp7/Exp4": 1.3333160991668702, "Loss/Eval/Exp7/Exp5": 0.7083009352684021, "Loss/Eval/Exp7/Exp6": 0.7060458173751831, "Loss/Eval/Exp7/Exp7": 0.6681752059459686, "Loss/Eval/Exp7": 0.8948304870270547, "Loss/Epoch0/Train/Exp8": 0.08068342139435003, "Loss/Epoch1/Train/Exp8": 0.07792939360850142, "Loss/Epoch2/Train/Exp8": 0.0709349658185829, "Loss/Epoch3/Train/Exp8": 0.051577959114092665, "Loss/Epoch4/Train/Exp8": 0.034153544176878936, "Loss/Eval/Exp8/Exp1": 0.4460811132192612, "Loss/Eval/Exp8/Exp2": 1.503386284828186, "Loss/Eval/Exp8/Exp3": 0.9730503921508789, "Loss/Eval/Exp8/Exp4": 1.3351328420639037, "Loss/Eval/Exp8/Exp5": 0.7218048889636993, "Loss/Eval/Exp8/Exp6": 0.8128036923408508, "Loss/Eval/Exp8/Exp7": 0.689870902299881, "Loss/Eval/Exp8/Exp8": 0.9100509471893311, "Loss/Eval/Exp8": 0.9240226328819992, "Loss/Epoch0/Train/Exp9": 0.0004009156976826489, "Loss/Epoch1/Train/Exp9": 0.0004006968636531383, "Loss/Epoch2/Train/Exp9": 0.00040018269966822116, "Loss/Epoch3/Train/Exp9": 0.0003988467219096492, "Loss/Epoch4/Train/Exp9": 0.00039626765210414304, "Loss/Eval/Exp9/Exp1": 0.4636951916019122, "Loss/Eval/Exp9/Exp2": 1.5129526605606078, "Loss/Eval/Exp9/Exp3": 0.9932058777809143, "Loss/Eval/Exp9/Exp4": 1.4362943830490111, "Loss/Eval/Exp9/Exp5": 0.8098717434406281, "Loss/Eval/Exp9/Exp6": 0.8141139621734619, "Loss/Eval/Exp9/Exp7": 0.7030168163776398, "Loss/Eval/Exp9/Exp8": 0.9161803908348084, "Loss/Eval/Exp9/Exp9": 1.1696917443275452, "Loss/Eval/Exp9": 0.97989141890517}, "Acc": {"Acc/Epoch0/Train/Exp1": 0.8485333333333334, "Acc/Epoch1/Train/Exp1": 0.8739333333333333, "Acc/Epoch2/Train/Exp1": 0.8869666666666667, "Acc/Epoch3/Train/Exp1": 0.8957333333333334, "Acc/Epoch4/Train/Exp1": 0.9042666666666667, "Acc/Epoch5/Train/Exp1": 0.9096333333333333, "Acc/Epoch6/Train/Exp1": 0.9155333333333333, "Acc/Epoch7/Train/Exp1": 0.9192666666666667, "Acc/Eval/Exp1/Exp1": 0.893, "Acc/Eval/Exp1": 0.893, "Acc/Epoch0/Train/Exp2": 0.92, "Acc/Epoch1/Train/Exp2": 0.92, "Acc/Epoch2/Train/Exp2": 0.92, "Acc/Epoch3/Train/Exp2": 0.96, "Acc/Epoch4/Train/Exp2": 1.0, "Acc/Eval/Exp2/Exp1": 0.8898333333333334, "Acc/Eval/Exp2/Exp2": 0.662, "Acc/Eval/Exp2": 0.8723076923076923, "Acc/Epoch0/Train/Exp3": 0.96, "Acc/Epoch1/Train/Exp3": 0.96, "Acc/Epoch2/Train/Exp3": 0.96, "Acc/Epoch3/Train/Exp3": 1.0, "Acc/Epoch4/Train/Exp3": 1.0, "Acc/Eval/Exp3/Exp1": 0.8851666666666667, "Acc/Eval/Exp3/Exp2": 0.65, "Acc/Eval/Exp3/Exp3": 0.776, "Acc/Eval/Exp3": 0.8605714285714285, "Acc/Epoch0/Train/Exp4": 1.0, "Acc/Epoch1/Train/Exp4": 1.0, "Acc/Epoch2/Train/Exp4": 1.0, "Acc/Epoch3/Train/Exp4": 1.0, "Acc/Epoch4/Train/Exp4": 1.0, "Acc/Eval/Exp4/Exp1": 0.8805, "Acc/Eval/Exp4/Exp2": 0.624, "Acc/Eval/Exp4/Exp3": 0.762, "Acc/Eval/Exp4/Exp4": 0.62, "Acc/Eval/Exp4": 0.8381333333333333, "Acc/Epoch0/Train/Exp5": 0.96, "Acc/Epoch1/Train/Exp5": 0.96, "Acc/Epoch2/Train/Exp5": 0.96, "Acc/Epoch3/Train/Exp5": 0.96, "Acc/Epoch4/Train/Exp5": 0.96, "Acc/Eval/Exp5/Exp1": 0.8758333333333334, "Acc/Eval/Exp5/Exp2": 0.606, "Acc/Eval/Exp5/Exp3": 0.752, "Acc/Eval/Exp5/Exp4": 0.626, "Acc/Eval/Exp5/Exp5": 0.824, "Acc/Eval/Exp5": 0.832375, "Acc/Epoch0/Train/Exp6": 1.0, "Acc/Epoch1/Train/Exp6": 1.0, "Acc/Epoch2/Train/Exp6": 1.0, "Acc/Epoch3/Train/Exp6": 1.0, "Acc/Epoch4/Train/Exp6": 1.0, "Acc/Eval/Exp6/Exp1": 0.8746666666666667, "Acc/Eval/Exp6/Exp2": 0.592, "Acc/Eval/Exp6/Exp3": 0.752, "Acc/Eval/Exp6/Exp4": 0.626, "Acc/Eval/Exp6/Exp5": 0.824, "Acc/Eval/Exp6/Exp6": 0.8, "Acc/Eval/Exp6": 0.8288235294117647, "Acc/Epoch0/Train/Exp7": 0.96, "Acc/Epoch1/Train/Exp7": 0.96, "Acc/Epoch2/Train/Exp7": 0.96, "Acc/Epoch3/Train/Exp7": 0.96, "Acc/Epoch4/Train/Exp7": 0.96, "Acc/Eval/Exp7/Exp1": 0.8703333333333333, "Acc/Eval/Exp7/Exp2": 0.588, "Acc/Eval/Exp7/Exp3": 0.75, "Acc/Eval/Exp7/Exp4": 0.624, "Acc/Eval/Exp7/Exp5": 0.822, "Acc/Eval/Exp7/Exp6": 0.8, "Acc/Eval/Exp7/Exp7": 0.802, "Acc/Eval/Exp7": 0.8238888888888889, "Acc/Epoch0/Train/Exp8": 0.96, "Acc/Epoch1/Train/Exp8": 0.96, "Acc/Epoch2/Train/Exp8": 0.96, "Acc/Epoch3/Train/Exp8": 0.96, "Acc/Epoch4/Train/Exp8": 1.0, "Acc/Eval/Exp8/Exp1": 0.8688333333333333, "Acc/Eval/Exp8/Exp2": 0.578, "Acc/Eval/Exp8/Exp3": 0.752, "Acc/Eval/Exp8/Exp4": 0.63, "Acc/Eval/Exp8/Exp5": 0.82, "Acc/Eval/Exp8/Exp6": 0.77, "Acc/Eval/Exp8/Exp7": 0.804, "Acc/Eval/Exp8/Exp8": 0.766, "Acc/Eval/Exp8": 0.8182105263157895, "Acc/Epoch0/Train/Exp9": 1.0, "Acc/Epoch1/Train/Exp9": 1.0, "Acc/Epoch2/Train/Exp9": 1.0, "Acc/Epoch3/Train/Exp9": 1.0, "Acc/Epoch4/Train/Exp9": 1.0, "Acc/Eval/Exp9/Exp1": 0.8623333333333333, "Acc/Eval/Exp9/Exp2": 0.578, "Acc/Eval/Exp9/Exp3": 0.746, "Acc/Eval/Exp9/Exp4": 0.616, "Acc/Eval/Exp9/Exp5": 0.788, "Acc/Eval/Exp9/Exp6": 0.77, "Acc/Eval/Exp9/Exp7": 0.804, "Acc/Eval/Exp9/Exp8": 0.766, "Acc/Eval/Exp9/Exp9": 0.63, "Acc/Eval/Exp9": 0.8023, "AvgAcc": 0.8368472222222222}, "Forgetting": {"Forgetting/Eval/Exp2/Exp1": 0.003166666666666651, "Forgetting/Eval/Exp2": 0.003166666666666651,