{"Loss": {"Loss/Epoch0/Train/Exp1": 0.46818080082734426, "Loss/Epoch1/Train/Exp1": 0.3861915005842845, "Loss/Epoch2/Train/Exp1": 0.3422892446875572, "Loss/Epoch3/Train/Exp1": 0.3151070483257373, "Loss/Epoch4/Train/Exp1": 0.29402064050038657, "Loss/Epoch5/Train/Exp1": 0.2784605292201042, "Loss/Epoch6/Train/Exp1": 0.26428486713369687, "Loss/Epoch7/Train/Exp1": 0.25298373718659084, "Loss/Eval/Exp1/Exp1": 0.3537284318606059, "Loss/Eval/Exp1": 0.3537284318606059, "Loss/Epoch0/Train/Exp2": 0.4106800287589431, "Loss/Epoch1/Train/Exp2": 0.3753657424077392, "Loss/Epoch2/Train/Exp2": 0.32029412891715764, "Loss/Epoch3/Train/Exp2": 0.2553624513698742, "Loss/Epoch4/Train/Exp2": 0.19867329378146678, "Loss/Eval/Exp2/Exp1": 0.37829942532380423, "Loss/Eval/Exp2/Exp2": 0.8177184405326843, "Loss/Eval/Exp2": 0.5980089329282443, "Loss/Epoch0/Train/Exp3": 0.03989012456790078, "Loss/Epoch1/Train/Exp3": 0.039468451139400715, "Loss/Epoch2/Train/Exp3": 0.037516297134570775, "Loss/Epoch3/Train/Exp3": 0.03605079906294122, "Loss/Epoch4/Train/Exp3": 0.031121024899184703, "Loss/Eval/Exp3/Exp1": 0.3913653868238131, "Loss/Eval/Exp3/Exp2": 0.9199580774307251, "Loss/Eval/Exp3/Exp3": 0.867431643486023, "Loss/Eval/Exp3": 0.726251702580187, "Loss/Epoch0/Train/Exp4": 0.056321659317763985, "Loss/Epoch1/Train/Exp4": 0.053031375091268276, "Loss/Epoch2/Train/Exp4": 0.04985241030342877, "Loss/Epoch3/Train/Exp4": 0.03567504490405554, "Loss/Epoch4/Train/Exp4": 0.024780069952830674, "Loss/Eval/Exp4/Exp1": 0.4171442497968674, "Loss/Eval/Exp4/Exp2": 1.0723693294525147, "Loss/Eval/Exp4/Exp3": 0.9354602923393249, "Loss/Eval/Exp4/Exp4": 1.2089401125907897, "Loss/Eval/Exp4": 0.9084784960448742, "Loss/Epoch0/Train/Exp5": 0.06940046143805376, "Loss/Epoch1/Train/Exp5": 0.0679996150592342, "Loss/Epoch2/Train/Exp5": 0.06043323484671419, "Loss/Epoch3/Train/Exp5": 0.05071649718578555, "Loss/Epoch4/Train/Exp5": 0.042153082266427194, "Loss/Eval/Exp5/Exp1": 0.4350172971387704, "Loss/Eval/Exp5/Exp2": 1.129498462677002, "Loss/Eval/Exp5/Exp3": 0.9672702102661133, "Loss/Eval/Exp5/Exp4": 1.2601550607681273, "Loss/Eval/Exp5/Exp5": 0.6457689232826233, "Loss/Eval/Exp5": 0.8875419908265272, "Loss/Epoch0/Train/Exp6": 0.02607344966563687, "Loss/Epoch1/Train/Exp6": 0.025557860383994466, "Loss/Epoch2/Train/Exp6": 0.022642612025301788, "Loss/Epoch3/Train/Exp6": 0.018483998815063386, "Loss/Epoch4/Train/Exp6": 0.015517991424931097, "Loss/Eval/Exp6/Exp1": 0.44393666205803556, "Loss/Eval/Exp6/Exp2": 1.1478209733963012, "Loss/Eval/Exp6/Exp3": 0.9759543433189392, "Loss/Eval/Exp6/Exp4": 1.25951509809494, "Loss/Eval/Exp6/Exp5": 0.6484879202842713, "Loss/Eval/Exp6/Exp6": 0.7239696106910706, "Loss/Eval/Exp6": 0.8666141013072596, "Loss/Epoch0/Train/Exp7": 0.27701471592765275, "Loss/Epoch1/Train/Exp7": 0.2732028660387005, "Loss/Epoch2/Train/Exp7": 0.26590151224983855, "Loss/Epoch3/Train/Exp7": 0.2486434778087937, "Loss/Epoch4/Train/Exp7": 0.23133286724041682, "Loss/Eval/Exp7/Exp1": 0.46322110040982567, "Loss/Eval/Exp7/Exp2": 1.1477540187835693, "Loss/Eval/Exp7/Exp3": 0.9786640357971191, "Loss/Eval/Exp7/Exp4": 1.2477792139053345, "Loss/Eval/Exp7/Exp5": 0.6507216386795044, "Loss/Eval/Exp7/Exp6": 0.7243453335762023, "Loss/Eval/Exp7/Exp7": 0.5073025312423706, "Loss/Eval/Exp7": 0.8171125531991323, "Loss/Epoch0/Train/Exp8": 0.03368514539906698, "Loss/Epoch1/Train/Exp8": 0.032742209904972695, "Loss/Epoch2/Train/Exp8": 0.030361479389683838, "Loss/Epoch3/Train/Exp8": 0.024075859591785046, "Loss/Epoch4/Train/Exp8": 0.018714716371396208, "Loss/Eval/Exp8/Exp1": 0.4759171864489714, "Loss/Eval/Exp8/Exp2": 1.2305181217193604, "Loss/Eval/Exp8/Exp3": 1.0091588058471679, "Loss/Eval/Exp8/Exp4": 1.2635009603500367, "Loss/Eval/Exp8/Exp5": 0.6770496225357056, "Loss/Eval/Exp8/Exp6": 0.82109810256958, "Loss/Eval/Exp8/Exp7": 0.5283004965782165, "Loss/Eval/Exp8/Exp8": 0.7435847768783569, "Loss/Eval/Exp8": 0.8436410091159244, "Loss/Epoch0/Train/Exp9": 0.00033641377260209995, "Loss/Epoch1/Train/Exp9": 0.0003362902533262968, "Loss/Epoch2/Train/Exp9": 0.0003360619939485332, "Loss/Epoch3/Train/Exp9": 0.00033492664674895424, "Loss/Epoch4/Train/Exp9": 0.0003339146453072317, "Loss/Eval/Exp9/Exp1": 0.4939662400682767, "Loss/Eval/Exp9/Exp2": 1.236909372329712, "Loss/Eval/Exp9/Exp3": 1.0286305632591248, "Loss/Eval/Exp9/Exp4": 1.3047774438858033, "Loss/Eval/Exp9/Exp5": 0.7982544326782226, "Loss/Eval/Exp9/Exp6": 0.8237533979415893, "Loss/Eval/Exp9/Exp7": 0.5493929057121277, "Loss/Eval/Exp9/Exp8": 0.7487473845481872, "Loss/Eval/Exp9/Exp9": 0.8584730417728424, "Loss/Eval/Exp9": 0.8714338646884318}, "Acc": {"Acc/Epoch0/Train/Exp1": 0.8535666666666667, "Acc/Epoch1/Train/Exp1": 0.8752333333333333, "Acc/Epoch2/Train/Exp1": 0.8895, "Acc/Epoch3/Train/Exp1": 0.8966333333333333, "Acc/Epoch4/Train/Exp1": 0.9041333333333333, "Acc/Epoch5/Train/Exp1": 0.9088333333333334, "Acc/Epoch6/Train/Exp1": 0.9127666666666666, "Acc/Epoch7/Train/Exp1": 0.9152, "Acc/Eval/Exp1/Exp1": 0.8875, "Acc/Eval/Exp1": 0.8875, "Acc/Epoch0/Train/Exp2": 0.8, "Acc/Epoch1/Train/Exp2": 0.8, "Acc/Epoch2/Train/Exp2": 0.88, "Acc/Epoch3/Train/Exp2": 0.92, "Acc/Epoch4/Train/Exp2": 0.92, "Acc/Eval/Exp2/Exp1": 0.8796666666666667, "Acc/Eval/Exp2/Exp2": 0.752, "Acc/Eval/Exp2": 0.8698461538461538, "Acc/Epoch0/Train/Exp3": 1.0, "Acc/Epoch1/Train/Exp3": 1.0, "Acc/Epoch2/Train/Exp3": 1.0, "Acc/Epoch3/Train/Exp3": 1.0, "Acc/Epoch4/Train/Exp3": 1.0, "Acc/Eval/Exp3/Exp1": 0.876, "Acc/Eval/Exp3/Exp2": 0.734, "Acc/Eval/Exp3/Exp3": 0.766, "Acc/Eval/Exp3": 0.858, "Acc/Epoch0/Train/Exp4": 0.96, "Acc/Epoch1/Train/Exp4": 1.0, "Acc/Epoch2/Train/Exp4": 1.0, "Acc/Epoch3/Train/Exp4": 1.0, "Acc/Epoch4/Train/Exp4": 1.0, "Acc/Eval/Exp4/Exp1": 0.8666666666666667, "Acc/Eval/Exp4/Exp2": 0.694, "Acc/Eval/Exp4/Exp3": 0.748, "Acc/Eval/Exp4/Exp4": 0.656, "Acc/Eval/Exp4": 0.8332, "Acc/Epoch0/Train/Exp5": 0.96, "Acc/Epoch1/Train/Exp5": 0.96, "Acc/Epoch2/Train/Exp5": 1.0, "Acc/Epoch3/Train/Exp5": 1.0, "Acc/Epoch4/Train/Exp5": 1.0, "Acc/Eval/Exp5/Exp1": 0.8648333333333333, "Acc/Eval/Exp5/Exp2": 0.684, "Acc/Eval/Exp5/Exp3": 0.746, "Acc/Eval/Exp5/Exp4": 0.648, "Acc/Eval/Exp5/Exp5": 0.84, "Acc/Eval/Exp5": 0.831, "Acc/Epoch0/Train/Exp6": 1.0, "Acc/Epoch1/Train/Exp6": 1.0, "Acc/Epoch2/Train/Exp6": 1.0, "Acc/Epoch3/Train/Exp6": 1.0, "Acc/Epoch4/Train/Exp6": 1.0, "Acc/Eval/Exp6/Exp1": 0.863, "Acc/Eval/Exp6/Exp2": 0.676, "Acc/Eval/Exp6/Exp3": 0.742, "Acc/Eval/Exp6/Exp4": 0.652, "Acc/Eval/Exp6/Exp5": 0.842, "Acc/Eval/Exp6/Exp6": 0.79, "Acc/Eval/Exp6": 0.8269411764705883, "Acc/Epoch0/Train/Exp7": 0.96, "Acc/Epoch1/Train/Exp7": 0.96, "Acc/Epoch2/Train/Exp7": 0.96, "Acc/Epoch3/Train/Exp7": 0.96, "Acc/Epoch4/Train/Exp7": 0.96, "Acc/Eval/Exp7/Exp1": 0.8571666666666666, "Acc/Eval/Exp7/Exp2": 0.68, "Acc/Eval/Exp7/Exp3": 0.734, "Acc/Eval/Exp7/Exp4": 0.65, "Acc/Eval/Exp7/Exp5": 0.85, "Acc/Eval/Exp7/Exp6": 0.788, "Acc/Eval/Exp7/Exp7": 0.856, "Acc/Eval/Exp7": 0.8246666666666667, "Acc/Epoch0/Train/Exp8": 1.0, "Acc/Epoch1/Train/Exp8": 1.0, "Acc/Epoch2/Train/Exp8": 1.0, "Acc/Epoch3/Train/Exp8": 1.0, "Acc/Epoch4/Train/Exp8": 1.0, "Acc/Eval/Exp8/Exp1": 0.8556666666666667, "Acc/Eval/Exp8/Exp2": 0.654, "Acc/Eval/Exp8/Exp3": 0.738, "Acc/Eval/Exp8/Exp4": 0.646, "Acc/Eval/Exp8/Exp5": 0.84, "Acc/Eval/Exp8/Exp6": 0.756, "Acc/Eval/Exp8/Exp7": 0.844, "Acc/Eval/Exp8/Exp8": 0.79, "Acc/Eval/Exp8": 0.8176842105263158, "Acc/Epoch0/Train/Exp9": 1.0, "Acc/Epoch1/Train/Exp9": 1.0, "Acc/Epoch2/Train/Exp9": 1.0, "Acc/Epoch3/Train/Exp9": 1.0, "Acc/Epoch4/Train/Exp9": 1.0, "Acc/Eval/Exp9/Exp1": 0.8506666666666667, "Acc/Eval/Exp9/Exp2": 0.654, "Acc/Eval/Exp9/Exp3": 0.736, "Acc/Eval/Exp9/Exp4": 0.642, "Acc/Eval/Exp9/Exp5": 0.794, "Acc/Eval/Exp9/Exp6": 0.756, "Acc/Eval/Exp9/Exp7": 0.844, "Acc/Eval/Exp9/Exp8": 0.79, "Acc/Eval/Exp9/Exp9": 0.714, "Acc/Eval/Exp9": 0.8069, "AvgAcc": 0.8356944444444444}, "Forgetting": {"Forgetting/Eval/Exp2/Exp1": 0.007833333333333248, "Forgetting/Eval/Exp2": 0.007833333333333248, "Forgetting/Eval/Exp3/Exp1": 0.011499999999999955,