{"Loss": {"Loss/Epoch0/Train/Exp1": 0.5086853129227956, "Loss/Epoch1/Train/Exp1": 0.40942494179407757, "Loss/Epoch2/Train/Exp1": 0.3671510580499967, "Loss/Epoch3/Train/Exp1": 0.33442028649449346, "Loss/Epoch4/Train/Exp1": 0.3094794392228127, "Loss/Epoch5/Train/Exp1": 0.2932514515598615, "Loss/Epoch6/Train/Exp1": 0.2773015386859576, "Loss/Epoch7/Train/Exp1": 0.2654931508262952, "Loss/Eval/Exp1/Exp1": 0.3522202059427897, "Loss/Eval/Exp1": 0.3522202059427897, "Loss/Epoch0/Train/Exp2": 0.3403877199441194, "Loss/Epoch1/Train/Exp2": 0.33355139642953874, "Loss/Epoch2/Train/Exp2": 0.3161630932148546, "Loss/Epoch3/Train/Exp2": 0.28702552648726853, "Loss/Epoch4/Train/Exp2": 0.24187765289098023, "Loss/Eval/Exp2/Exp1": 0.3690256618062655, "Loss/Eval/Exp2/Exp2": 0.9383189973831176, "Loss/Eval/Exp2": 0.6536723295946916, "Loss/Epoch0/Train/Exp3": 0.08566900087404065, "Loss/Epoch1/Train/Exp3": 0.08436688758025411, "Loss/Epoch2/Train/Exp3": 0.0785888184538635, "Loss/Epoch3/Train/Exp3": 0.07431994937185664, "Loss/Epoch4/Train/Exp3": 0.06029815484303981, "Loss/Eval/Exp3/Exp1": 0.3897142961025238, "Loss/Eval/Exp3/Exp2": 1.0291440906524658, "Loss/Eval/Exp3/Exp3": 0.7013100790977478, "Loss/Eval/Exp3": 0.7067228219509124, "Loss/Epoch0/Train/Exp4": 0.009221187560469843, "Loss/Epoch1/Train/Exp4": 0.009174991762074569, "Loss/Epoch2/Train/Exp4": 0.009051105283433572, "Loss/Epoch3/Train/Exp4": 0.00879250546451658, "Loss/Epoch4/Train/Exp4": 0.008405060842633247, "Loss/Eval/Exp4/Exp1": 0.4061108716726303, "Loss/Eval/Exp4/Exp2": 1.1057517223358155, "Loss/Eval/Exp4/Exp3": 0.7653306574821472, "Loss/Eval/Exp4/Exp4": 1.3030736312866211, "Loss/Eval/Exp4": 0.8950667206943036, "Loss/Epoch0/Train/Exp5": 0.11926189349964261, "Loss/Epoch1/Train/Exp5": 0.11716929866932332, "Loss/Epoch2/Train/Exp5": 0.1076463844801765, "Loss/Epoch3/Train/Exp5": 0.09470536928740331, "Loss/Epoch4/Train/Exp5": 0.07821896697045304, "Loss/Eval/Exp5/Exp1": 0.42333206041653954, "Loss/Eval/Exp5/Exp2": 1.1257367458343506, "Loss/Eval/Exp5/Exp3": 0.7938034083843232, "Loss/Eval/Exp5/Exp4": 1.2950698308944701, "Loss/Eval/Exp5/Exp5": 0.6493168969154358, "Loss/Eval/Exp5": 0.8574517884890239, "Loss/Epoch0/Train/Exp6": 0.0018744481255635037, "Loss/Epoch1/Train/Exp6": 0.0018712117207175538, "Loss/Epoch2/Train/Exp6": 0.0018572960832170793, "Loss/Epoch3/Train/Exp6": 0.0018324038092396222, "Loss/Epoch4/Train/Exp6": 0.0018073538874341466, "Loss/Eval/Exp6/Exp1": 0.4365439527432124, "Loss/Eval/Exp6/Exp2": 1.1557385129928588, "Loss/Eval/Exp6/Exp3": 0.8010643582344055, "Loss/Eval/Exp6/Exp4": 1.2965211238861083, "Loss/Eval/Exp6/Exp5": 0.658435887336731, "Loss/Eval/Exp6/Exp6": 0.5334352397918701, "Loss/Eval/Exp6": 0.8136231791641976, "Loss/Epoch0/Train/Exp7": 0.09891832549636093, "Loss/Epoch1/Train/Exp7": 0.09707356610306306, "Loss/Epoch2/Train/Exp7": 0.09311885506846011, "Loss/Epoch3/Train/Exp7": 0.0832979804482602, "Loss/Epoch4/Train/Exp7": 0.07570247034051135, "Loss/Eval/Exp7/Exp1": 0.4540243852933248, "Loss/Eval/Exp7/Exp2": 1.16924484539032, "Loss/Eval/Exp7/Exp3": 0.8178146526813507, "Loss/Eval/Exp7/Exp4": 1.2964650726318359, "Loss/Eval/Exp7/Exp5": 0.671500326871872, "Loss/Eval/Exp7/Exp6": 0.5345910511016846, "Loss/Eval/Exp7/Exp7": 0.4984351459741592, "Loss/Eval/Exp7": 0.7774393542777924, "Loss/Epoch0/Train/Exp8": 0.07633306511619481, "Loss/Epoch1/Train/Exp8": 0.07332684969704133, "Loss/Epoch2/Train/Exp8": 0.06528327996766166, "Loss/Epoch3/Train/Exp8": 0.04900072894626532, "Loss/Epoch4/Train/Exp8": 0.03531682295258946, "Loss/Eval/Exp8/Exp1": 0.46933958542346954, "Loss/Eval/Exp8/Exp2": 1.262693531036377, "Loss/Eval/Exp8/Exp3": 0.8398825635910034, "Loss/Eval/Exp8/Exp4": 1.3415867652893065, "Loss/Eval/Exp8/Exp5": 0.6974509930610657, "Loss/Eval/Exp8/Exp6": 0.5706255826950073, "Loss/Eval/Exp8/Exp7": 0.5343035304546356, "Loss/Eval/Exp8/Exp8": 0.8190235009193421, "Loss/Eval/Exp8": 0.8168632565587759, "Loss/Epoch0/Train/Exp9": 0.0009011544816894456, "Loss/Epoch1/Train/Exp9": 0.0009003188581846188, "Loss/Epoch2/Train/Exp9": 0.0008986705853749299, "Loss/Epoch3/Train/Exp9": 0.0008915494372922694, "Loss/Epoch4/Train/Exp9": 0.0008849797968218809, "Loss/Eval/Exp9/Exp1": 0.4848024791876475, "Loss/Eval/Exp9/Exp2": 1.2666873569488526, "Loss/Eval/Exp9/Exp3": 0.8560284776687622, "Loss/Eval/Exp9/Exp4": 1.384433650970459, "Loss/Eval/Exp9/Exp5": 0.7270364882946014, "Loss/Eval/Exp9/Exp6": 0.5721202812194824, "Loss/Eval/Exp9/Exp7": 0.5457881209850312, "Loss/Eval/Exp9/Exp8": 0.8229036264419556, "Loss/Eval/Exp9/Exp9": 1.1458761987686157, "Loss/Eval/Exp9": 0.8672974089428229}, "Acc": {"Acc/Epoch0/Train/Exp1": 0.8425, "Acc/Epoch1/Train/Exp1": 0.8697, "Acc/Epoch2/Train/Exp1": 0.8831, "Acc/Epoch3/Train/Exp1": 0.8904, "Acc/Epoch4/Train/Exp1": 0.8981666666666667, "Acc/Epoch5/Train/Exp1": 0.9034333333333333, "Acc/Epoch6/Train/Exp1": 0.9088666666666667, "Acc/Epoch7/Train/Exp1": 0.9117333333333333, "Acc/Eval/Exp1/Exp1": 0.8876666666666667, "Acc/Eval/Exp1": 0.8876666666666667, "Acc/Epoch0/Train/Exp2": 0.92, "Acc/Epoch1/Train/Exp2": 0.92, "Acc/Epoch2/Train/Exp2": 0.92, "Acc/Epoch3/Train/Exp2": 0.92, "Acc/Epoch4/Train/Exp2": 0.92, "Acc/Eval/Exp2/Exp1": 0.883, "Acc/Eval/Exp2/Exp2": 0.698, "Acc/Eval/Exp2": 0.8687692307692307, "Acc/Epoch0/Train/Exp3": 0.96, "Acc/Epoch1/Train/Exp3": 0.96, "Acc/Epoch2/Train/Exp3": 0.96, "Acc/Epoch3/Train/Exp3": 0.96, "Acc/Epoch4/Train/Exp3": 0.96, "Acc/Eval/Exp3/Exp1": 0.8765, "Acc/Eval/Exp3/Exp2": 0.67, "Acc/Eval/Exp3/Exp3": 0.814, "Acc/Eval/Exp3": 0.8572857142857143, "Acc/Epoch0/Train/Exp4": 1.0, "Acc/Epoch1/Train/Exp4": 1.0, "Acc/Epoch2/Train/Exp4": 1.0, "Acc/Epoch3/Train/Exp4": 1.0, "Acc/Epoch4/Train/Exp4": 1.0, "Acc/Eval/Exp4/Exp1": 0.872, "Acc/Eval/Exp4/Exp2": 0.66, "Acc/Eval/Exp4/Exp3": 0.788, "Acc/Eval/Exp4/Exp4": 0.598, "Acc/Eval/Exp4": 0.834, "Acc/Epoch0/Train/Exp5": 0.96, "Acc/Epoch1/Train/Exp5": 0.96, "Acc/Epoch2/Train/Exp5": 1.0, "Acc/Epoch3/Train/Exp5": 1.0, "Acc/Epoch4/Train/Exp5": 1.0, "Acc/Eval/Exp5/Exp1": 0.8671666666666666, "Acc/Eval/Exp5/Exp2": 0.654, "Acc/Eval/Exp5/Exp3": 0.778, "Acc/Eval/Exp5/Exp4": 0.596, "Acc/Eval/Exp5/Exp5": 0.814, "Acc/Eval/Exp5": 0.828, "Acc/Epoch0/Train/Exp6": 1.0, "Acc/Epoch1/Train/Exp6": 1.0, "Acc/Epoch2/Train/Exp6": 1.0, "Acc/Epoch3/Train/Exp6": 1.0, "Acc/Epoch4/Train/Exp6": 1.0, "Acc/Eval/Exp6/Exp1": 0.8628333333333333, "Acc/Eval/Exp6/Exp2": 0.644, "Acc/Eval/Exp6/Exp3": 0.778, "Acc/Eval/Exp6/Exp4": 0.596, "Acc/Eval/Exp6/Exp5": 0.812, "Acc/Eval/Exp6/Exp6": 0.832, "Acc/Eval/Exp6": 0.8244705882352941, "Acc/Epoch0/Train/Exp7": 0.96, "Acc/Epoch1/Train/Exp7": 0.96, "Acc/Epoch2/Train/Exp7": 0.96, "Acc/Epoch3/Train/Exp7": 0.96, "Acc/Epoch4/Train/Exp7": 0.96, "Acc/Eval/Exp7/Exp1": 0.8586666666666667, "Acc/Eval/Exp7/Exp2": 0.64, "Acc/Eval/Exp7/Exp3": 0.77, "Acc/Eval/Exp7/Exp4": 0.596, "Acc/Eval/Exp7/Exp5": 0.81, "Acc/Eval/Exp7/Exp6": 0.832, "Acc/Eval/Exp7/Exp7": 0.848, "Acc/Eval/Exp7": 0.8222222222222222, "Acc/Epoch0/Train/Exp8": 0.92, "Acc/Epoch1/Train/Exp8": 0.92, "Acc/Epoch2/Train/Exp8": 0.96, "Acc/Epoch3/Train/Exp8": 1.0, "Acc/Epoch4/Train/Exp8": 1.0, "Acc/Eval/Exp8/Exp1": 0.8566666666666667, "Acc/Eval/Exp8/Exp2": 0.612, "Acc/Eval/Exp8/Exp3": 0.764, "Acc/Eval/Exp8/Exp4": 0.582, "Acc/Eval/Exp8/Exp5": 0.804, "Acc/Eval/Exp8/Exp6": 0.822, "Acc/Eval/Exp8/Exp7": 0.832, "Acc/Eval/Exp8/Exp8": 0.766, "Acc/Eval/Exp8": 0.8137894736842105, "Acc/Epoch0/Train/Exp9": 1.0, "Acc/Epoch1/Train/Exp9": 1.0, "Acc/Epoch2/Train/Exp9": 1.0, "Acc/Epoch3/Train/Exp9": 1.0, "Acc/Epoch4/Train/Exp9": 1.0, "Acc/Eval/Exp9/Exp1": 0.8516666666666667, "Acc/Eval/Exp9/Exp2": 0.612, "Acc/Eval/Exp9/Exp3": 0.764, "Acc/Eval/Exp9/Exp4": 0.578, "Acc/Eval/Exp9/Exp5": 0.798, "Acc/Eval/Exp9/Exp6": 0.822, "Acc/Eval/Exp9/Exp7": 0.83, "Acc/Eval/Exp9/Exp8": 0.766, "Acc/Eval/Exp9/Exp9": 0.608, "Acc/Eval/Exp9": 0.7999, "AvgAcc": 0.8332083333333333}, "Forgetting": {"Forgetting/Eval/Exp2/Exp1": 0.004666666666666708, "Forgetting/Eval/Exp2": 0.004666666666666708, "Forgetting/Eval/Exp3/Exp1": 0.011166666666666769,