{"Loss": {"Loss/Epoch0/Train/Exp1": 0.4975525038321813, "Loss/Epoch1/Train/Exp1": 0.413424540156126, "Loss/Epoch2/Train/Exp1": 0.37749211941560107, "Loss/Epoch3/Train/Exp1": 0.35147935856580736, "Loss/Epoch4/Train/Exp1": 0.3308457926591237, "Loss/Epoch5/Train/Exp1": 0.3131941517472267, "Loss/Epoch6/Train/Exp1": 0.29499276130398117, "Loss/Epoch7/Train/Exp1": 0.2816155694166819, "Loss/Eval/Exp1/Exp1": 0.35505177597204846, "Loss/Eval/Exp1": 0.35505177597204846, "Loss/Epoch0/Train/Exp2": 0.33050388522446156, "Loss/Epoch1/Train/Exp2": 0.32331448438577354, "Loss/Epoch2/Train/Exp2": 0.30154077646089716, "Loss/Epoch3/Train/Exp2": 0.2641041851090267, "Loss/Epoch4/Train/Exp2": 0.1951494715921581, "Loss/Eval/Exp2/Exp1": 0.37534398106733957, "Loss/Eval/Exp2/Exp2": 1.0722446761131286, "Loss/Eval/Exp2": 0.7237943285902341, "Loss/Epoch0/Train/Exp3": 0.0879525378117978, "Loss/Epoch1/Train/Exp3": 0.08345403609942878, "Loss/Epoch2/Train/Exp3": 0.06452543039340526, "Loss/Epoch3/Train/Exp3": 0.056607184071908706, "Loss/Epoch4/Train/Exp3": 0.037220269780373204, "Loss/Eval/Exp3/Exp1": 0.39943794782956443, "Loss/Eval/Exp3/Exp2": 1.1876861457824708, "Loss/Eval/Exp3/Exp3": 0.6046249468326569, "Loss/Eval/Exp3": 0.7305830134815641, "Loss/Epoch0/Train/Exp4": 0.006141694812249625, "Loss/Epoch1/Train/Exp4": 0.006115143569159045, "Loss/Epoch2/Train/Exp4": 0.006087709804996848, "Loss/Epoch3/Train/Exp4": 0.005934018986299634, "Loss/Epoch4/Train/Exp4": 0.005712055368348956, "Loss/Eval/Exp4/Exp1": 0.41330667038758595, "Loss/Eval/Exp4/Exp2": 1.2264126968383788, "Loss/Eval/Exp4/Exp3": 0.6522075881958008, "Loss/Eval/Exp4/Exp4": 1.528100341796875, "Loss/Eval/Exp4": 0.9550068243046601, "Loss/Epoch0/Train/Exp5": 0.0926642561587505, "Loss/Epoch1/Train/Exp5": 0.09080636858940125, "Loss/Epoch2/Train/Exp5": 0.08312220987048931, "Loss/Epoch3/Train/Exp5": 0.07144343376756296, "Loss/Epoch4/Train/Exp5": 0.05944513542228378, "Loss/Eval/Exp5/Exp1": 0.4329771995147069, "Loss/Eval/Exp5/Exp2": 1.2971340141296386, "Loss/Eval/Exp5/Exp3": 0.6850261104106903, "Loss/Eval/Exp5/Exp4": 1.5713701877593995, "Loss/Eval/Exp5/Exp5": 0.5186199309825897, "Loss/Eval/Exp5": 0.9010254885594049, "Loss/Epoch0/Train/Exp6": 0.01985050757997669, "Loss/Epoch1/Train/Exp6": 0.01938114195996576, "Loss/Epoch2/Train/Exp6": 0.016697655480747926, "Loss/Epoch3/Train/Exp6": 0.01301131022253685, "Loss/Epoch4/Train/Exp6": 0.010563929902123164, "Loss/Eval/Exp6/Exp1": 0.4461217604080836, "Loss/Eval/Exp6/Exp2": 1.3228923234939576, "Loss/Eval/Exp6/Exp3": 0.6894866361618042, "Loss/Eval/Exp6/Exp4": 1.5730072174072265, "Loss/Eval/Exp6/Exp5": 0.5279365646839141, "Loss/Eval/Exp6/Exp6": 0.6041979398727417, "Loss/Eval/Exp6": 0.860607073671288, "Loss/Epoch0/Train/Exp7": 0.1201143730802687, "Loss/Epoch1/Train/Exp7": 0.11751521852332872, "Loss/Epoch2/Train/Exp7": 0.11242195208091289, "Loss/Epoch3/Train/Exp7": 0.10056924343574565, "Loss/Epoch4/Train/Exp7": 0.08949806855991255, "Loss/Eval/Exp7/Exp1": 0.4732966260910034, "Loss/Eval/Exp7/Exp2": 1.3286869859695434, "Loss/Eval/Exp7/Exp3": 0.6959185400009156, "Loss/Eval/Exp7/Exp4": 1.5586067390441896, "Loss/Eval/Exp7/Exp5": 0.531645632982254, "Loss/Eval/Exp7/Exp6": 0.6072251620292664, "Loss/Eval/Exp7/Exp7": 0.4580868003368378, "Loss/Eval/Exp7": 0.8076380694934301, "Loss/Epoch0/Train/Exp8": 0.03589412251723388, "Loss/Epoch1/Train/Exp8": 0.035342042802658395, "Loss/Epoch2/Train/Exp8": 0.03342510811944521, "Loss/Epoch3/Train/Exp8": 0.03016260871261693, "Loss/Epoch4/Train/Exp8": 0.025499350165354998, "Loss/Eval/Exp8/Exp1": 0.4877292175292969, "Loss/Eval/Exp8/Exp2": 1.4083006362915038, "Loss/Eval/Exp8/Exp3": 0.7179559080600738, "Loss/Eval/Exp8/Exp4": 1.5972861366271973, "Loss/Eval/Exp8/Exp5": 0.549909863948822, "Loss/Eval/Exp8/Exp6": 0.6553819894790649, "Loss/Eval/Exp8/Exp7": 0.47384384989738465, "Loss/Eval/Exp8/Exp8": 0.63347203540802, "Loss/Eval/Exp8": 0.8154849546551705, "Loss/Epoch0/Train/Exp9": 8.144671097397805e-05, "Loss/Epoch1/Train/Exp9": 8.144194609485567e-05, "Loss/Epoch2/Train/Exp9": 8.143241248035338e-05, "Loss/Epoch3/Train/Exp9": 8.139904446579748e-05, "Loss/Epoch4/Train/Exp9": 8.136568823800872e-05, "Loss/Eval/Exp9/Exp1": 0.5199746917088827, "Loss/Eval/Exp9/Exp2": 1.415088002204895, "Loss/Eval/Exp9/Exp3": 0.755650643825531, "Loss/Eval/Exp9/Exp4": 1.726542449951172, "Loss/Eval/Exp9/Exp5": 0.6175329730510711, "Loss/Eval/Exp9/Exp6": 0.6583011767864227, "Loss/Eval/Exp9/Exp7": 0.5072098741531372, "Loss/Eval/Exp9/Exp8": 0.6459182710647583, "Loss/Eval/Exp9/Exp9": 0.6732445483207703, "Loss/Eval/Exp9": 0.8354958478962934}, "Acc": {"Acc/Epoch0/Train/Exp1": 0.8452, "Acc/Epoch1/Train/Exp1": 0.8697666666666667, "Acc/Epoch2/Train/Exp1": 0.8785, "Acc/Epoch3/Train/Exp1": 0.8858333333333334, "Acc/Epoch4/Train/Exp1": 0.8933, "Acc/Epoch5/Train/Exp1": 0.8986333333333333, "Acc/Epoch6/Train/Exp1": 0.9042666666666667, "Acc/Epoch7/Train/Exp1": 0.9085333333333333, "Acc/Eval/Exp1/Exp1": 0.886, "Acc/Eval/Exp1": 0.886, "Acc/Epoch0/Train/Exp2": 0.92, "Acc/Epoch1/Train/Exp2": 0.92, "Acc/Epoch2/Train/Exp2": 0.92, "Acc/Epoch3/Train/Exp2": 0.92, "Acc/Epoch4/Train/Exp2": 0.96, "Acc/Eval/Exp2/Exp1": 0.8816666666666667, "Acc/Eval/Exp2/Exp2": 0.678, "Acc/Eval/Exp2": 0.866, "Acc/Epoch0/Train/Exp3": 0.92, "Acc/Epoch1/Train/Exp3": 0.92, "Acc/Epoch2/Train/Exp3": 0.96, "Acc/Epoch3/Train/Exp3": 0.96, "Acc/Epoch4/Train/Exp3": 1.0, "Acc/Eval/Exp3/Exp1": 0.8736666666666667, "Acc/Eval/Exp3/Exp2": 0.652, "Acc/Eval/Exp3/Exp3": 0.832, "Acc/Eval/Exp3": 0.8548571428571429, "Acc/Epoch0/Train/Exp4": 1.0, "Acc/Epoch1/Train/Exp4": 1.0, "Acc/Epoch2/Train/Exp4": 1.0, "Acc/Epoch3/Train/Exp4": 1.0, "Acc/Epoch4/Train/Exp4": 1.0, "Acc/Eval/Exp4/Exp1": 0.8696666666666667, "Acc/Eval/Exp4/Exp2": 0.638, "Acc/Eval/Exp4/Exp3": 0.812, "Acc/Eval/Exp4/Exp4": 0.552, "Acc/Eval/Exp4": 0.8292, "Acc/Epoch0/Train/Exp5": 1.0, "Acc/Epoch1/Train/Exp5": 1.0, "Acc/Epoch2/Train/Exp5": 1.0, "Acc/Epoch3/Train/Exp5": 1.0, "Acc/Epoch4/Train/Exp5": 1.0, "Acc/Eval/Exp5/Exp1": 0.8656666666666667, "Acc/Eval/Exp5/Exp2": 0.632, "Acc/Eval/Exp5/Exp3": 0.806, "Acc/Eval/Exp5/Exp4": 0.546, "Acc/Eval/Exp5/Exp5": 0.87, "Acc/Eval/Exp5": 0.827625, "Acc/Epoch0/Train/Exp6": 1.0, "Acc/Epoch1/Train/Exp6": 1.0, "Acc/Epoch2/Train/Exp6": 1.0, "Acc/Epoch3/Train/Exp6": 1.0, "Acc/Epoch4/Train/Exp6": 1.0, "Acc/Eval/Exp6/Exp1": 0.8626666666666667, "Acc/Eval/Exp6/Exp2": 0.618, "Acc/Eval/Exp6/Exp3": 0.802, "Acc/Eval/Exp6/Exp4": 0.544, "Acc/Eval/Exp6/Exp5": 0.868, "Acc/Eval/Exp6/Exp6": 0.818, "Acc/Eval/Exp6": 0.8236470588235294, "Acc/Epoch0/Train/Exp7": 0.96, "Acc/Epoch1/Train/Exp7": 0.96, "Acc/Epoch2/Train/Exp7": 0.96, "Acc/Epoch3/Train/Exp7": 0.96, "Acc/Epoch4/Train/Exp7": 0.96, "Acc/Eval/Exp7/Exp1": 0.8551666666666666, "Acc/Eval/Exp7/Exp2": 0.622, "Acc/Eval/Exp7/Exp3": 0.806, "Acc/Eval/Exp7/Exp4": 0.55, "Acc/Eval/Exp7/Exp5": 0.866, "Acc/Eval/Exp7/Exp6": 0.818, "Acc/Eval/Exp7/Exp7": 0.882, "Acc/Eval/Exp7": 0.8225555555555556, "Acc/Epoch0/Train/Exp8": 1.0, "Acc/Epoch1/Train/Exp8": 1.0, "Acc/Epoch2/Train/Exp8": 1.0, "Acc/Epoch3/Train/Exp8": 1.0, "Acc/Epoch4/Train/Exp8": 1.0, "Acc/Eval/Exp8/Exp1": 0.8531666666666666, "Acc/Eval/Exp8/Exp2": 0.596, "Acc/Eval/Exp8/Exp3": 0.804, "Acc/Eval/Exp8/Exp4": 0.54, "Acc/Eval/Exp8/Exp5": 0.86, "Acc/Eval/Exp8/Exp6": 0.8, "Acc/Eval/Exp8/Exp7": 0.874, "Acc/Eval/Exp8/Exp8": 0.8, "Acc/Eval/Exp8": 0.8164210526315789, "Acc/Epoch0/Train/Exp9": 1.0, "Acc/Epoch1/Train/Exp9": 1.0, "Acc/Epoch2/Train/Exp9": 1.0, "Acc/Epoch3/Train/Exp9": 1.0, "Acc/Epoch4/Train/Exp9": 1.0, "Acc/Eval/Exp9/Exp1": 0.8425, "Acc/Eval/Exp9/Exp2": 0.596, "Acc/Eval/Exp9/Exp3": 0.794, "Acc/Eval/Exp9/Exp4": 0.528, "Acc/Eval/Exp9/Exp5": 0.832, "Acc/Eval/Exp9/Exp6": 0.8, "Acc/Eval/Exp9/Exp7": 0.864, "Acc/Eval/Exp9/Exp8": 0.8, "Acc/Eval/Exp9/Exp9": 0.792, "Acc/Eval/Exp9": 0.8058, "AvgAcc": 0.8331527777777777}, "Forgetting": {"Forgetting/Eval/Exp2/Exp1": 0.0043333333333333, "Forgetting/Eval/Exp2": 0.0043333333333333, "Forgetting/Eval/Exp3/Exp1": 0.012333333333333307, "Forgetting/Eval/Exp3/Exp2": 0.026000000000000023,