{"Loss": {"Loss/Epoch0/Train/Exp1": 0.4891198637564977, "Loss/Epoch1/Train/Exp1": 0.4100563727458318, "Loss/Epoch2/Train/Exp1": 0.37333920448621116, "Loss/Epoch3/Train/Exp1": 0.3494651261130969, "Loss/Epoch4/Train/Exp1": 0.32503726486563683, "Loss/Epoch5/Train/Exp1": 0.3077164082566897, "Loss/Epoch6/Train/Exp1": 0.29007345184485117, "Loss/Epoch7/Train/Exp1": 0.2743313858270645, "Loss/Eval/Exp1/Exp1": 0.35799246297279996, "Loss/Eval/Exp1": 0.35799246297279996, "Loss/Epoch0/Train/Exp2": 0.483440940529108, "Loss/Epoch1/Train/Exp2": 0.4438366550207138, "Loss/Epoch2/Train/Exp2": 0.35678917373064906, "Loss/Epoch3/Train/Exp2": 0.23550490962341428, "Loss/Epoch4/Train/Exp2": 0.1746237824857235, "Loss/Eval/Exp2/Exp1": 0.3703246260285378, "Loss/Eval/Exp2/Exp2": 1.2591585092544555, "Loss/Eval/Exp2": 0.8147415676414966, "Loss/Epoch0/Train/Exp3": 0.06870619909430388, "Loss/Epoch1/Train/Exp3": 0.0674330325522169, "Loss/Epoch2/Train/Exp3": 0.06094891887318227, "Loss/Epoch3/Train/Exp3": 0.05717895278794458, "Loss/Epoch4/Train/Exp3": 0.04389347068732605, "Loss/Eval/Exp3/Exp1": 0.3940144713521004, "Loss/Eval/Exp3/Exp2": 1.374465118408203, "Loss/Eval/Exp3/Exp3": 0.6819297847747803, "Loss/Eval/Exp3": 0.8168031248450278, "Loss/Epoch0/Train/Exp4": 0.003956122149829753, "Loss/Epoch1/Train/Exp4": 0.0039478002674377425, "Loss/Epoch2/Train/Exp4": 0.003935657297261059, "Loss/Epoch3/Train/Exp4": 0.0038888637261698025, "Loss/Epoch4/Train/Exp4": 0.003820379236713052, "Loss/Eval/Exp4/Exp1": 0.4172832149664561, "Loss/Eval/Exp4/Exp2": 1.5055567321777343, "Loss/Eval/Exp4/Exp3": 0.7458526792526246, "Loss/Eval/Exp4/Exp4": 1.184951358795166, "Loss/Eval/Exp4": 0.9634109962979953, "Loss/Epoch0/Train/Exp5": 0.07945000177860492, "Loss/Epoch1/Train/Exp5": 0.07800279412884265, "Loss/Epoch2/Train/Exp5": 0.06946113105572295, "Loss/Epoch3/Train/Exp5": 0.05845147330124746, "Loss/Epoch4/Train/Exp5": 0.04832705534689012, "Loss/Eval/Exp5/Exp1": 0.4385894811153412, "Loss/Eval/Exp5/Exp2": 1.5607166233062744, "Loss/Eval/Exp5/Exp3": 0.7977572660446167, "Loss/Eval/Exp5/Exp4": 1.2216576204299927, "Loss/Eval/Exp5/Exp5": 0.4874666991233826, "Loss/Eval/Exp5": 0.9012375380039217, "Loss/Epoch0/Train/Exp6": 0.039927040055895306, "Loss/Epoch1/Train/Exp6": 0.03856671234083478, "Loss/Epoch2/Train/Exp6": 0.03103125526333315, "Loss/Epoch3/Train/Exp6": 0.021733947798711597, "Loss/Epoch4/Train/Exp6": 0.016456189668824662, "Loss/Eval/Exp6/Exp1": 0.4534910865227381, "Loss/Eval/Exp6/Exp2": 1.5787620162963867, "Loss/Eval/Exp6/Exp3": 0.8020363178253174, "Loss/Eval/Exp6/Exp4": 1.219398874282837, "Loss/Eval/Exp6/Exp5": 0.48919809770584105, "Loss/Eval/Exp6/Exp6": 0.5369558629989624, "Loss/Eval/Exp6": 0.8466403759386804, "Loss/Epoch0/Train/Exp7": 0.1354832140636404, "Loss/Epoch1/Train/Exp7": 0.13160783158382172, "Loss/Epoch2/Train/Exp7": 0.12278878725133836, "Loss/Epoch3/Train/Exp7": 0.10469434866310622, "Loss/Epoch4/Train/Exp7": 0.08622806978411746, "Loss/Eval/Exp7/Exp1": 0.473075278699398, "Loss/Eval/Exp7/Exp2": 1.5743030529022217, "Loss/Eval/Exp7/Exp3": 0.8134463548660278, "Loss/Eval/Exp7/Exp4": 1.2149409017562867, "Loss/Eval/Exp7/Exp5": 0.49778697299957275, "Loss/Eval/Exp7/Exp6": 0.5354114146232605, "Loss/Eval/Exp7/Exp7": 0.5425045068264007, "Loss/Eval/Exp7": 0.8073526403818813, "Loss/Epoch0/Train/Exp8": 0.024317778794120386, "Loss/Epoch1/Train/Exp8": 0.023518541328085122, "Loss/Epoch2/Train/Exp8": 0.021621237616454892, "Loss/Epoch3/Train/Exp8": 0.01650843197716199, "Loss/Epoch4/Train/Exp8": 0.012375063551585014, "Loss/Eval/Exp8/Exp1": 0.489663849790891, "Loss/Eval/Exp8/Exp2": 1.7317453727722167, "Loss/Eval/Exp8/Exp3": 0.8384366297721862, "Loss/Eval/Exp8/Exp4": 1.270771104812622, "Loss/Eval/Exp8/Exp5": 0.5136832776069641, "Loss/Eval/Exp8/Exp6": 0.5745686900615692, "Loss/Eval/Exp8/Exp7": 0.5611476454734802, "Loss/Eval/Exp8/Exp8": 0.6616596460342408, "Loss/Eval/Exp8": 0.8302095270405212, "Loss/Epoch0/Train/Exp9": 0.001434146047795366, "Loss/Epoch1/Train/Exp9": 0.0014307330337760505, "Loss/Epoch2/Train/Exp9": 0.001425100915839721, "Loss/Epoch3/Train/Exp9": 0.0013907693609507988, "Loss/Epoch4/Train/Exp9": 0.001362830963585111, "Loss/Eval/Exp9/Exp1": 0.5164501112500827, "Loss/Eval/Exp9/Exp2": 1.7370639867782594, "Loss/Eval/Exp9/Exp3": 0.8676333756446838, "Loss/Eval/Exp9/Exp4": 1.3570414247512816, "Loss/Eval/Exp9/Exp5": 0.561135639667511, "Loss/Eval/Exp9/Exp6": 0.5765161480903626, "Loss/Eval/Exp9/Exp7": 0.5831375555992127, "Loss/Eval/Exp9/Exp8": 0.6749989647865295, "Loss/Eval/Exp9/Exp9": 0.8510817379951477, "Loss/Eval/Exp9": 0.8583398827292301}, "Acc": {"Acc/Epoch0/Train/Exp1": 0.8492333333333333, "Acc/Epoch1/Train/Exp1": 0.8697666666666667, "Acc/Epoch2/Train/Exp1": 0.8797666666666667, "Acc/Epoch3/Train/Exp1": 0.8847666666666667, "Acc/Epoch4/Train/Exp1": 0.8945, "Acc/Epoch5/Train/Exp1": 0.8985333333333333, "Acc/Epoch6/Train/Exp1": 0.9055333333333333, "Acc/Epoch7/Train/Exp1": 0.9107666666666666, "Acc/Eval/Exp1/Exp1": 0.8875, "Acc/Eval/Exp1": 0.8875, "Acc/Epoch0/Train/Exp2": 0.88, "Acc/Epoch1/Train/Exp2": 0.88, "Acc/Epoch2/Train/Exp2": 0.88, "Acc/Epoch3/Train/Exp2": 0.96, "Acc/Epoch4/Train/Exp2": 0.96, "Acc/Eval/Exp2/Exp1": 0.8846666666666667, "Acc/Eval/Exp2/Exp2": 0.658, "Acc/Eval/Exp2": 0.8672307692307692, "Acc/Epoch0/Train/Exp3": 0.96, "Acc/Epoch1/Train/Exp3": 0.96, "Acc/Epoch2/Train/Exp3": 1.0, "Acc/Epoch3/Train/Exp3": 1.0, "Acc/Epoch4/Train/Exp3": 1.0, "Acc/Eval/Exp3/Exp1": 0.8768333333333334, "Acc/Eval/Exp3/Exp2": 0.628, "Acc/Eval/Exp3/Exp3": 0.818, "Acc/Eval/Exp3": 0.8548571428571429, "Acc/Epoch0/Train/Exp4": 1.0, "Acc/Epoch1/Train/Exp4": 1.0, "Acc/Epoch2/Train/Exp4": 1.0, "Acc/Epoch3/Train/Exp4": 1.0, "Acc/Epoch4/Train/Exp4": 1.0, "Acc/Eval/Exp4/Exp1": 0.87, "Acc/Eval/Exp4/Exp2": 0.616, "Acc/Eval/Exp4/Exp3": 0.8, "Acc/Eval/Exp4/Exp4": 0.636, "Acc/Eval/Exp4": 0.8328, "Acc/Epoch0/Train/Exp5": 0.96, "Acc/Epoch1/Train/Exp5": 0.96, "Acc/Epoch2/Train/Exp5": 0.96, "Acc/Epoch3/Train/Exp5": 1.0, "Acc/Epoch4/Train/Exp5": 1.0, "Acc/Eval/Exp5/Exp1": 0.8648333333333333, "Acc/Eval/Exp5/Exp2": 0.598, "Acc/Eval/Exp5/Exp3": 0.778, "Acc/Eval/Exp5/Exp4": 0.63, "Acc/Eval/Exp5/Exp5": 0.86, "Acc/Eval/Exp5": 0.82775, "Acc/Epoch0/Train/Exp6": 0.96, "Acc/Epoch1/Train/Exp6": 0.96, "Acc/Epoch2/Train/Exp6": 0.96, "Acc/Epoch3/Train/Exp6": 1.0, "Acc/Epoch4/Train/Exp6": 1.0, "Acc/Eval/Exp6/Exp1": 0.8608333333333333, "Acc/Eval/Exp6/Exp2": 0.594, "Acc/Eval/Exp6/Exp3": 0.776, "Acc/Eval/Exp6/Exp4": 0.634, "Acc/Eval/Exp6/Exp5": 0.86, "Acc/Eval/Exp6/Exp6": 0.84, "Acc/Eval/Exp6": 0.8255294117647058, "Acc/Epoch0/Train/Exp7": 0.96, "Acc/Epoch1/Train/Exp7": 0.96, "Acc/Epoch2/Train/Exp7": 0.96, "Acc/Epoch3/Train/Exp7": 0.96, "Acc/Epoch4/Train/Exp7": 0.96, "Acc/Eval/Exp7/Exp1": 0.8533333333333334, "Acc/Eval/Exp7/Exp2": 0.602, "Acc/Eval/Exp7/Exp3": 0.768, "Acc/Eval/Exp7/Exp4": 0.634, "Acc/Eval/Exp7/Exp5": 0.862, "Acc/Eval/Exp7/Exp6": 0.84, "Acc/Eval/Exp7/Exp7": 0.844, "Acc/Eval/Exp7": 0.8216666666666667, "Acc/Epoch0/Train/Exp8": 1.0, "Acc/Epoch1/Train/Exp8": 1.0, "Acc/Epoch2/Train/Exp8": 1.0, "Acc/Epoch3/Train/Exp8": 1.0, "Acc/Epoch4/Train/Exp8": 1.0, "Acc/Eval/Exp8/Exp1": 0.849, "Acc/Eval/Exp8/Exp2": 0.564, "Acc/Eval/Exp8/Exp3": 0.768, "Acc/Eval/Exp8/Exp4": 0.622, "Acc/Eval/Exp8/Exp5": 0.86, "Acc/Eval/Exp8/Exp6": 0.822, "Acc/Eval/Exp8/Exp7": 0.84, "Acc/Eval/Exp8/Exp8": 0.818, "Acc/Eval/Exp8": 0.8148421052631579, "Acc/Epoch0/Train/Exp9": 1.0, "Acc/Epoch1/Train/Exp9": 1.0, "Acc/Epoch2/Train/Exp9": 1.0, "Acc/Epoch3/Train/Exp9": 1.0, "Acc/Epoch4/Train/Exp9": 1.0, "Acc/Eval/Exp9/Exp1": 0.841, "Acc/Eval/Exp9/Exp2": 0.564, "Acc/Eval/Exp9/Exp3": 0.764, "Acc/Eval/Exp9/Exp4": 0.612, "Acc/Eval/Exp9/Exp5": 0.84, "Acc/Eval/Exp9/Exp6": 0.822, "Acc/Eval/Exp9/Exp7": 0.84, "Acc/Eval/Exp9/Exp8": 0.818, "Acc/Eval/Exp9/Exp9": 0.73, "Acc/Eval/Exp9": 0.8041, "AvgAcc": 0.8334444444444444}, "Forgetting": {"Forgetting/Eval/Exp2/Exp1": 0.0028333333333332433, "Forgetting/Eval/Exp2": 0.0028333333333332433, "Forgetting/Eval/Exp3/Exp1": 0.010666666666666602,