{"Loss": {"Loss/Epoch0/Train/Exp1": 0.4849110283533732, "Loss/Epoch1/Train/Exp1": 0.39504250862598417, "Loss/Epoch2/Train/Exp1": 0.3463811550060908, "Loss/Epoch3/Train/Exp1": 0.3146262195189794, "Loss/Epoch4/Train/Exp1": 0.2887117857615153, "Loss/Epoch5/Train/Exp1": 0.2699772184809049, "Loss/Epoch6/Train/Exp1": 0.2539513249357541, "Loss/Epoch7/Train/Exp1": 0.23872267128626506, "Loss/Eval/Exp1/Exp1": 0.3368931164542834, "Loss/Eval/Exp1": 0.3368931164542834, "Loss/Epoch0/Train/Exp2": 0.3951575154066086, "Loss/Epoch1/Train/Exp2": 0.3769149160385132, "Loss/Epoch2/Train/Exp2": 0.34838456419296565, "Loss/Epoch3/Train/Exp2": 0.30380655543413015, "Loss/Epoch4/Train/Exp2": 0.26173957105434964, "Loss/Eval/Exp2/Exp1": 0.35321364933252336, "Loss/Eval/Exp2/Exp2": 0.9907741498947144, "Loss/Eval/Exp2": 0.6719938996136189, "Loss/Epoch0/Train/Exp3": 0.07758716435782845, "Loss/Epoch1/Train/Exp3": 0.07608559317086475, "Loss/Epoch2/Train/Exp3": 0.07024755766964517, "Loss/Epoch3/Train/Exp3": 0.06468998496187851, "Loss/Epoch4/Train/Exp3": 0.05120052106678486, "Loss/Eval/Exp3/Exp1": 0.3693588219285011, "Loss/Eval/Exp3/Exp2": 1.0831847705841064, "Loss/Eval/Exp3/Exp3": 0.7424573009014129, "Loss/Eval/Exp3": 0.7316669644713402, "Loss/Epoch0/Train/Exp4": 0.027569852278975304, "Loss/Epoch1/Train/Exp4": 0.027097220420814666, "Loss/Epoch2/Train/Exp4": 0.025691948048770428, "Loss/Epoch3/Train/Exp4": 0.022436480802716686, "Loss/Epoch4/Train/Exp4": 0.01987890533171594, "Loss/Eval/Exp4/Exp1": 0.38481399659315746, "Loss/Eval/Exp4/Exp2": 1.1666859121322632, "Loss/Eval/Exp4/Exp3": 0.8145198183059692, "Loss/Eval/Exp4/Exp4": 1.3570562267303468, "Loss/Eval/Exp4": 0.9307689884404342, "Loss/Epoch0/Train/Exp5": 0.15077502558589914, "Loss/Epoch1/Train/Exp5": 0.1483901735767722, "Loss/Epoch2/Train/Exp5": 0.14237052611308174, "Loss/Epoch3/Train/Exp5": 0.12885360584652517, "Loss/Epoch4/Train/Exp5": 0.11391670225159033, "Loss/Eval/Exp5/Exp1": 0.3987001628081004, "Loss/Eval/Exp5/Exp2": 1.205259859085083, "Loss/Eval/Exp5/Exp3": 0.837828640460968, "Loss/Eval/Exp5/Exp4": 1.3685828475952149, "Loss/Eval/Exp5/Exp5": 0.718139957666397, "Loss/Eval/Exp5": 0.9057022935231526, "Loss/Epoch0/Train/Exp6": 0.001078461612924002, "Loss/Epoch1/Train/Exp6": 0.0010777015998607454, "Loss/Epoch2/Train/Exp6": 0.0010740065715799574, "Loss/Epoch3/Train/Exp6": 0.0010681493808806408, "Loss/Epoch4/Train/Exp6": 0.001061464443519071, "Loss/Eval/Exp6/Exp1": 0.4096246784130732, "Loss/Eval/Exp6/Exp2": 1.2248421716690063, "Loss/Eval/Exp6/Exp3": 0.8433528318405151, "Loss/Eval/Exp6/Exp4": 1.3712680053710937, "Loss/Eval/Exp6/Exp5": 0.7229675168991089, "Loss/Eval/Exp6/Exp6": 0.5693581314086914, "Loss/Eval/Exp6": 0.8569022226002482, "Loss/Epoch0/Train/Exp7": 0.0955996917292714, "Loss/Epoch1/Train/Exp7": 0.09221541628235172, "Loss/Epoch2/Train/Exp7": 0.08589415430091321, "Loss/Epoch3/Train/Exp7": 0.07190396828566009, "Loss/Epoch4/Train/Exp7": 0.060397372092056686, "Loss/Eval/Exp7/Exp1": 0.42393863264719645, "Loss/Eval/Exp7/Exp2": 1.2353693447113037, "Loss/Eval/Exp7/Exp3": 0.8395568714141846, "Loss/Eval/Exp7/Exp4": 1.359497712135315, "Loss/Eval/Exp7/Exp5": 0.733715351819992, "Loss/Eval/Exp7/Exp6": 0.5717852187156677, "Loss/Eval/Exp7/Exp7": 0.6478662955760955, "Loss/Eval/Exp7": 0.8302470610028222, "Loss/Epoch0/Train/Exp8": 0.13292718748147195, "Loss/Epoch1/Train/Exp8": 0.1276196638683905, "Loss/Epoch2/Train/Exp8": 0.11431929577022856, "Loss/Epoch3/Train/Exp8": 0.07517035519469573, "Loss/Epoch4/Train/Exp8": 0.04088236529843698, "Loss/Eval/Exp8/Exp1": 0.4374092374245326, "Loss/Eval/Exp8/Exp2": 1.2788754243850708, "Loss/Eval/Exp8/Exp3": 0.8824627585411072, "Loss/Eval/Exp8/Exp4": 1.3926438369750977, "Loss/Eval/Exp8/Exp5": 0.7658679275512695, "Loss/Eval/Exp8/Exp6": 0.6160973219871521, "Loss/Eval/Exp8/Exp7": 0.666566460609436, "Loss/Eval/Exp8/Exp8": 0.7076433997154236, "Loss/Eval/Exp8": 0.8434457958986362, "Loss/Epoch0/Train/Exp9": 0.004676874393189792, "Loss/Epoch1/Train/Exp9": 0.004650178599404171, "Loss/Epoch2/Train/Exp9": 0.004591381206219012, "Loss/Epoch3/Train/Exp9": 0.004430550807446707, "Loss/Epoch4/Train/Exp9": 0.004266978077357351, "Loss/Eval/Exp9/Exp1": 0.44923135693868, "Loss/Eval/Exp9/Exp2": 1.2832247638702392, "Loss/Eval/Exp9/Exp3": 0.9019012126922608, "Loss/Eval/Exp9/Exp4": 1.4457413082122803, "Loss/Eval/Exp9/Exp5": 0.8478994176387787, "Loss/Eval/Exp9/Exp6": 0.6175861129760742, "Loss/Eval/Exp9/Exp7": 0.6765152235031128, "Loss/Eval/Exp9/Exp8": 0.7104279384613037, "Loss/Eval/Exp9/Exp9": 1.0413518018722534, "Loss/Eval/Exp9": 0.8859865706849982}, "Acc": {"Acc/Epoch0/Train/Exp1": 0.8511666666666666, "Acc/Epoch1/Train/Exp1": 0.8741333333333333, "Acc/Epoch2/Train/Exp1": 0.8863333333333333, "Acc/Epoch3/Train/Exp1": 0.8978666666666667, "Acc/Epoch4/Train/Exp1": 0.9040333333333334, "Acc/Epoch5/Train/Exp1": 0.9118666666666667, "Acc/Epoch6/Train/Exp1": 0.9161666666666667, "Acc/Epoch7/Train/Exp1": 0.9205333333333333, "Acc/Eval/Exp1/Exp1": 0.8943333333333333, "Acc/Eval/Exp1": 0.8943333333333333, "Acc/Epoch0/Train/Exp2": 0.88, "Acc/Epoch1/Train/Exp2": 0.92, "Acc/Epoch2/Train/Exp2": 0.92, "Acc/Epoch3/Train/Exp2": 0.92, "Acc/Epoch4/Train/Exp2": 0.96, "Acc/Eval/Exp2/Exp1": 0.8891666666666667, "Acc/Eval/Exp2/Exp2": 0.702, "Acc/Eval/Exp2": 0.8747692307692307, "Acc/Epoch0/Train/Exp3": 0.96, "Acc/Epoch1/Train/Exp3": 0.96, "Acc/Epoch2/Train/Exp3": 0.96, "Acc/Epoch3/Train/Exp3": 0.96, "Acc/Epoch4/Train/Exp3": 1.0, "Acc/Eval/Exp3/Exp1": 0.8873333333333333, "Acc/Eval/Exp3/Exp2": 0.674, "Acc/Eval/Exp3/Exp3": 0.786, "Acc/Eval/Exp3": 0.8648571428571429, "Acc/Epoch0/Train/Exp4": 1.0, "Acc/Epoch1/Train/Exp4": 1.0, "Acc/Epoch2/Train/Exp4": 1.0, "Acc/Epoch3/Train/Exp4": 1.0, "Acc/Epoch4/Train/Exp4": 1.0, "Acc/Eval/Exp4/Exp1": 0.8826666666666667, "Acc/Eval/Exp4/Exp2": 0.656, "Acc/Eval/Exp4/Exp3": 0.762, "Acc/Eval/Exp4/Exp4": 0.592, "Acc/Eval/Exp4": 0.8401333333333333, "Acc/Epoch0/Train/Exp5": 0.96, "Acc/Epoch1/Train/Exp5": 0.96, "Acc/Epoch2/Train/Exp5": 0.96, "Acc/Epoch3/Train/Exp5": 0.96, "Acc/Epoch4/Train/Exp5": 0.96, "Acc/Eval/Exp5/Exp1": 0.8781666666666667, "Acc/Eval/Exp5/Exp2": 0.654, "Acc/Eval/Exp5/Exp3": 0.75, "Acc/Eval/Exp5/Exp4": 0.588, "Acc/Eval/Exp5/Exp5": 0.806, "Acc/Eval/Exp5": 0.8335, "Acc/Epoch0/Train/Exp6": 1.0, "Acc/Epoch1/Train/Exp6": 1.0, "Acc/Epoch2/Train/Exp6": 1.0, "Acc/Epoch3/Train/Exp6": 1.0, "Acc/Epoch4/Train/Exp6": 1.0, "Acc/Eval/Exp6/Exp1": 0.8751666666666666, "Acc/Eval/Exp6/Exp2": 0.648, "Acc/Eval/Exp6/Exp3": 0.75, "Acc/Eval/Exp6/Exp4": 0.588, "Acc/Eval/Exp6/Exp5": 0.806, "Acc/Eval/Exp6/Exp6": 0.822, "Acc/Eval/Exp6": 0.8303529411764706, "Acc/Epoch0/Train/Exp7": 0.96, "Acc/Epoch1/Train/Exp7": 0.96, "Acc/Epoch2/Train/Exp7": 0.96, "Acc/Epoch3/Train/Exp7": 0.96, "Acc/Epoch4/Train/Exp7": 0.96, "Acc/Eval/Exp7/Exp1": 0.871, "Acc/Eval/Exp7/Exp2": 0.648, "Acc/Eval/Exp7/Exp3": 0.754, "Acc/Eval/Exp7/Exp4": 0.59, "Acc/Eval/Exp7/Exp5": 0.808, "Acc/Eval/Exp7/Exp6": 0.824, "Acc/Eval/Exp7/Exp7": 0.82, "Acc/Eval/Exp7": 0.8275555555555556, "Acc/Epoch0/Train/Exp8": 0.96, "Acc/Epoch1/Train/Exp8": 0.96, "Acc/Epoch2/Train/Exp8": 0.96, "Acc/Epoch3/Train/Exp8": 0.96, "Acc/Epoch4/Train/Exp8": 0.96, "Acc/Eval/Exp8/Exp1": 0.8688333333333333, "Acc/Eval/Exp8/Exp2": 0.63, "Acc/Eval/Exp8/Exp3": 0.748, "Acc/Eval/Exp8/Exp4": 0.59, "Acc/Eval/Exp8/Exp5": 0.802, "Acc/Eval/Exp8/Exp6": 0.8, "Acc/Eval/Exp8/Exp7": 0.812, "Acc/Eval/Exp8/Exp8": 0.776, "Acc/Eval/Exp8": 0.8202105263157895, "Acc/Epoch0/Train/Exp9": 1.0, "Acc/Epoch1/Train/Exp9": 1.0, "Acc/Epoch2/Train/Exp9": 1.0, "Acc/Epoch3/Train/Exp9": 1.0, "Acc/Epoch4/Train/Exp9": 1.0, "Acc/Eval/Exp9/Exp1": 0.8656666666666667, "Acc/Eval/Exp9/Exp2": 0.63, "Acc/Eval/Exp9/Exp3": 0.75, "Acc/Eval/Exp9/Exp4": 0.59, "Acc/Eval/Exp9/Exp5": 0.772, "Acc/Eval/Exp9/Exp6": 0.8, "Acc/Eval/Exp9/Exp7": 0.81, "Acc/Eval/Exp9/Exp8": 0.776, "Acc/Eval/Exp9/Exp9": 0.686, "Acc/Eval/Exp9": 0.8101, "AvgAcc": 0.8399166666666666}, "Forgetting": {"Forgetting/Eval/Exp2/Exp1": 0.005166666666666653, "Forgetting/Eval/Exp2": 0.005166666666666653,