{"Loss": {"Loss/Epoch0/Train/Exp1": 0.4708895035187403, "Loss/Epoch1/Train/Exp1": 0.3920300039927165, "Loss/Epoch2/Train/Exp1": 0.348803345811367, "Loss/Epoch3/Train/Exp1": 0.32315818889339765, "Loss/Epoch4/Train/Exp1": 0.304267728193601, "Loss/Epoch5/Train/Exp1": 0.2872649763862292, "Loss/Epoch6/Train/Exp1": 0.27491120691100757, "Loss/Epoch7/Train/Exp1": 0.26029215268095335, "Loss/Eval/Exp1/Exp1": 0.34832843552033105, "Loss/Eval/Exp1": 0.34832843552033105, "Loss/Epoch0/Train/Exp2": 0.3521352268569171, "Loss/Epoch1/Train/Exp2": 0.34704010479152203, "Loss/Epoch2/Train/Exp2": 0.333258232435619, "Loss/Epoch3/Train/Exp2": 0.3107051021233201, "Loss/Epoch4/Train/Exp2": 0.2682736597908661, "Loss/Eval/Exp2/Exp1": 0.3717423314452171, "Loss/Eval/Exp2/Exp2": 0.7835573825836182, "Loss/Eval/Exp2": 0.5776498570144176, "Loss/Epoch0/Train/Exp3": 0.05657276852754876, "Loss/Epoch1/Train/Exp3": 0.0560677651441074, "Loss/Epoch2/Train/Exp3": 0.053765265827532854, "Loss/Epoch3/Train/Exp3": 0.051965577583760025, "Loss/Epoch4/Train/Exp3": 0.046557016698643566, "Loss/Eval/Exp3/Exp1": 0.3851254177093506, "Loss/Eval/Exp3/Exp2": 0.8616445670127869, "Loss/Eval/Exp3/Exp3": 0.8553793444633484, "Loss/Eval/Exp3": 0.7007164430618286, "Loss/Epoch0/Train/Exp4": 0.009141522362915567, "Loss/Epoch1/Train/Exp4": 0.009049418098584283, "Loss/Epoch2/Train/Exp4": 0.008969891660381108, "Loss/Epoch3/Train/Exp4": 0.008500951583264395, "Loss/Epoch4/Train/Exp4": 0.007866594176739454, "Loss/Eval/Exp4/Exp1": 0.40554253723224004, "Loss/Eval/Exp4/Exp2": 0.958027675151825, "Loss/Eval/Exp4/Exp3": 0.9449852647781372, "Loss/Eval/Exp4/Exp4": 1.2727509145736695, "Loss/Eval/Exp4": 0.895326597933968, "Loss/Epoch0/Train/Exp5": 0.19166673514526336, "Loss/Epoch1/Train/Exp5": 0.18878618702292443, "Loss/Epoch2/Train/Exp5": 0.177755276132375, "Loss/Epoch3/Train/Exp5": 0.15831238973885775, "Loss/Epoch4/Train/Exp5": 0.13846505241297563, "Loss/Eval/Exp5/Exp1": 0.41864580172300336, "Loss/Eval/Exp5/Exp2": 0.9971335124969483, "Loss/Eval/Exp5/Exp3": 1.0083723106384277, "Loss/Eval/Exp5/Exp4": 1.297277663230896, "Loss/Eval/Exp5/Exp5": 0.7782794027328491, "Loss/Eval/Exp5": 0.899941738164425, "Loss/Epoch0/Train/Exp6": 0.0025972767203347757, "Loss/Epoch1/Train/Exp6": 0.002592120676417835, "Loss/Epoch2/Train/Exp6": 0.002564498868887313, "Loss/Epoch3/Train/Exp6": 0.0025168413677602074, "Loss/Epoch4/Train/Exp6": 0.002473656394868158, "Loss/Eval/Exp6/Exp1": 0.4290072668194771, "Loss/Eval/Exp6/Exp2": 1.024869683265686, "Loss/Eval/Exp6/Exp3": 1.0190684051513672, "Loss/Eval/Exp6/Exp4": 1.3000942821502686, "Loss/Eval/Exp6/Exp5": 0.7813081955909729, "Loss/Eval/Exp6/Exp6": 0.651716915845871, "Loss/Eval/Exp6": 0.8676774581372738, "Loss/Epoch0/Train/Exp7": 0.2024119401082453, "Loss/Epoch1/Train/Exp7": 0.19829703724142747, "Loss/Epoch2/Train/Exp7": 0.1903262649755925, "Loss/Epoch3/Train/Exp7": 0.17063547647470842, "Loss/Epoch4/Train/Exp7": 0.15169733831105986, "Loss/Eval/Exp7/Exp1": 0.44506304256121315, "Loss/Eval/Exp7/Exp2": 1.0315204186439515, "Loss/Eval/Exp7/Exp3": 1.0240194845199584, "Loss/Eval/Exp7/Exp4": 1.2979085321426391, "Loss/Eval/Exp7/Exp5": 0.7862139258384705, "Loss/Eval/Exp7/Exp6": 0.6504811544418335, "Loss/Eval/Exp7/Exp7": 0.6971258533000946, "Loss/Eval/Exp7": 0.8474760587783087, "Loss/Epoch0/Train/Exp8": 0.04033095929378419, "Loss/Epoch1/Train/Exp8": 0.039415111257112584, "Loss/Epoch2/Train/Exp8": 0.036943424117853285, "Loss/Epoch3/Train/Exp8": 0.03102951003525959, "Loss/Epoch4/Train/Exp8": 0.02512118160695536, "Loss/Eval/Exp8/Exp1": 0.45485737291971845, "Loss/Eval/Exp8/Exp2": 1.0531525983810426, "Loss/Eval/Exp8/Exp3": 1.0457819271087647, "Loss/Eval/Exp8/Exp4": 1.3188304767608643, "Loss/Eval/Exp8/Exp5": 0.8076849117279052, "Loss/Eval/Exp8/Exp6": 0.6976113224029541, "Loss/Eval/Exp8/Exp7": 0.7247482843399048, "Loss/Eval/Exp8/Exp8": 0.9014259750843048, "Loss/Eval/Exp8": 0.8755116085906823, "Loss/Epoch0/Train/Exp9": 0.0017433001838799101, "Loss/Epoch1/Train/Exp9": 0.0017359532552654855, "Loss/Epoch2/Train/Exp9": 0.0017206344297301258, "Loss/Epoch3/Train/Exp9": 0.0016759615944465622, "Loss/Epoch4/Train/Exp9": 0.0016290590690911698, "Loss/Eval/Exp9/Exp1": 0.4729620791276296, "Loss/Eval/Exp9/Exp2": 1.0590153760910035, "Loss/Eval/Exp9/Exp3": 1.0739665117263795, "Loss/Eval/Exp9/Exp4": 1.3750216197967529, "Loss/Eval/Exp9/Exp5": 0.9045377902984619, "Loss/Eval/Exp9/Exp6": 0.6992367997169494, "Loss/Eval/Exp9/Exp7": 0.7447548956871033, "Loss/Eval/Exp9/Exp8": 0.9165401587486267, "Loss/Eval/Exp9/Exp9": 0.9489153532981872, "Loss/Eval/Exp9": 0.9105500649434549}, "Acc": {"Acc/Epoch0/Train/Exp1": 0.8525333333333334, "Acc/Epoch1/Train/Exp1": 0.8751333333333333, "Acc/Epoch2/Train/Exp1": 0.8878666666666667, "Acc/Epoch3/Train/Exp1": 0.8953666666666666, "Acc/Epoch4/Train/Exp1": 0.9000333333333334, "Acc/Epoch5/Train/Exp1": 0.9072333333333333, "Acc/Epoch6/Train/Exp1": 0.91, "Acc/Epoch7/Train/Exp1": 0.9141, "Acc/Eval/Exp1/Exp1": 0.8876666666666667, "Acc/Eval/Exp1": 0.8876666666666667, "Acc/Epoch0/Train/Exp2": 0.92, "Acc/Epoch1/Train/Exp2": 0.92, "Acc/Epoch2/Train/Exp2": 0.92, "Acc/Epoch3/Train/Exp2": 0.92, "Acc/Epoch4/Train/Exp2": 0.92, "Acc/Eval/Exp2/Exp1": 0.8823333333333333, "Acc/Eval/Exp2/Exp2": 0.772, "Acc/Eval/Exp2": 0.8738461538461538, "Acc/Epoch0/Train/Exp3": 0.96, "Acc/Epoch1/Train/Exp3": 0.96, "Acc/Epoch2/Train/Exp3": 0.96, "Acc/Epoch3/Train/Exp3": 1.0, "Acc/Epoch4/Train/Exp3": 1.0, "Acc/Eval/Exp3/Exp1": 0.879, "Acc/Eval/Exp3/Exp2": 0.752, "Acc/Eval/Exp3/Exp3": 0.758, "Acc/Eval/Exp3": 0.8612857142857143, "Acc/Epoch0/Train/Exp4": 1.0, "Acc/Epoch1/Train/Exp4": 1.0, "Acc/Epoch2/Train/Exp4": 1.0, "Acc/Epoch3/Train/Exp4": 1.0, "Acc/Epoch4/Train/Exp4": 1.0, "Acc/Eval/Exp4/Exp1": 0.872, "Acc/Eval/Exp4/Exp2": 0.736, "Acc/Eval/Exp4/Exp3": 0.728, "Acc/Eval/Exp4/Exp4": 0.604, "Acc/Eval/Exp4": 0.8354666666666667, "Acc/Epoch0/Train/Exp5": 0.88, "Acc/Epoch1/Train/Exp5": 0.92, "Acc/Epoch2/Train/Exp5": 0.92, "Acc/Epoch3/Train/Exp5": 0.92, "Acc/Epoch4/Train/Exp5": 0.96, "Acc/Eval/Exp5/Exp1": 0.8681666666666666, "Acc/Eval/Exp5/Exp2": 0.728, "Acc/Eval/Exp5/Exp3": 0.714, "Acc/Eval/Exp5/Exp4": 0.598, "Acc/Eval/Exp5/Exp5": 0.8, "Acc/Eval/Exp5": 0.828625, "Acc/Epoch0/Train/Exp6": 1.0, "Acc/Epoch1/Train/Exp6": 1.0, "Acc/Epoch2/Train/Exp6": 1.0, "Acc/Epoch3/Train/Exp6": 1.0, "Acc/Epoch4/Train/Exp6": 1.0, "Acc/Eval/Exp6/Exp1": 0.8653333333333333, "Acc/Eval/Exp6/Exp2": 0.72, "Acc/Eval/Exp6/Exp3": 0.714, "Acc/Eval/Exp6/Exp4": 0.598, "Acc/Eval/Exp6/Exp5": 0.8, "Acc/Eval/Exp6/Exp6": 0.816, "Acc/Eval/Exp6": 0.8254117647058824, "Acc/Epoch0/Train/Exp7": 0.96, "Acc/Epoch1/Train/Exp7": 0.96, "Acc/Epoch2/Train/Exp7": 0.96, "Acc/Epoch3/Train/Exp7": 0.96, "Acc/Epoch4/Train/Exp7": 0.96, "Acc/Eval/Exp7/Exp1": 0.862, "Acc/Eval/Exp7/Exp2": 0.718, "Acc/Eval/Exp7/Exp3": 0.716, "Acc/Eval/Exp7/Exp4": 0.596, "Acc/Eval/Exp7/Exp5": 0.802, "Acc/Eval/Exp7/Exp6": 0.814, "Acc/Eval/Exp7/Exp7": 0.818, "Acc/Eval/Exp7": 0.8226666666666667, "Acc/Epoch0/Train/Exp8": 1.0, "Acc/Epoch1/Train/Exp8": 1.0, "Acc/Epoch2/Train/Exp8": 1.0, "Acc/Epoch3/Train/Exp8": 1.0, "Acc/Epoch4/Train/Exp8": 1.0, "Acc/Eval/Exp8/Exp1": 0.8603333333333333, "Acc/Eval/Exp8/Exp2": 0.708, "Acc/Eval/Exp8/Exp3": 0.71, "Acc/Eval/Exp8/Exp4": 0.594, "Acc/Eval/Exp8/Exp5": 0.798, "Acc/Eval/Exp8/Exp6": 0.792, "Acc/Eval/Exp8/Exp7": 0.816, "Acc/Eval/Exp8/Exp8": 0.718, "Acc/Eval/Exp8": 0.8136842105263158, "Acc/Epoch0/Train/Exp9": 1.0, "Acc/Epoch1/Train/Exp9": 1.0, "Acc/Epoch2/Train/Exp9": 1.0, "Acc/Epoch3/Train/Exp9": 1.0, "Acc/Epoch4/Train/Exp9": 1.0, "Acc/Eval/Exp9/Exp1": 0.8558333333333333, "Acc/Eval/Exp9/Exp2": 0.706, "Acc/Eval/Exp9/Exp3": 0.706, "Acc/Eval/Exp9/Exp4": 0.586, "Acc/Eval/Exp9/Exp5": 0.758, "Acc/Eval/Exp9/Exp6": 0.792, "Acc/Eval/Exp9/Exp7": 0.812, "Acc/Eval/Exp9/Exp8": 0.716, "Acc/Eval/Exp9/Exp9": 0.718, "Acc/Eval/Exp9": 0.8032, "AvgAcc": 0.8348888888888889}, "Forgetting": {"Forgetting/Eval/Exp2/Exp1": 0.005333333333333412, "Forgetting/Eval/Exp2": 0.005333333333333412, "Forgetting/Eval/Exp3/Exp1": 0.008666666666666711,