{"Loss": {"Loss/Epoch0/Train/Exp1": 0.4762960417032242, "Loss/Epoch1/Train/Exp1": 0.39370271861950557, "Loss/Epoch2/Train/Exp1": 0.3404177057425181, "Loss/Epoch3/Train/Exp1": 0.3102633933116992, "Loss/Epoch4/Train/Exp1": 0.28482349678675334, "Loss/Epoch5/Train/Exp1": 0.26538416966199874, "Loss/Epoch6/Train/Exp1": 0.25003661079009376, "Loss/Epoch7/Train/Exp1": 0.23558601778149604, "Loss/Eval/Exp1/Exp1": 0.3410276424487432, "Loss/Eval/Exp1": 0.3410276424487432, "Loss/Epoch0/Train/Exp2": 0.766842001080513, "Loss/Epoch1/Train/Exp2": 0.7177976214885712, "Loss/Epoch2/Train/Exp2": 0.6241786629881244, "Loss/Epoch3/Train/Exp2": 0.4104240147769451, "Loss/Epoch4/Train/Exp2": 0.31032069485634567, "Loss/Eval/Exp2/Exp1": 0.3688174423575401, "Loss/Eval/Exp2/Exp2": 1.2451332421302796, "Loss/Eval/Exp2": 0.8069753422439099, "Loss/Epoch0/Train/Exp3": 0.0484933524846565, "Loss/Epoch1/Train/Exp3": 0.047676038444624286, "Loss/Epoch2/Train/Exp3": 0.04339947650092654, "Loss/Epoch3/Train/Exp3": 0.04085118590854108, "Loss/Epoch4/Train/Exp3": 0.031737484652549025, "Loss/Eval/Exp3/Exp1": 0.38045108077923456, "Loss/Eval/Exp3/Exp2": 1.368965136528015, "Loss/Eval/Exp3/Exp3": 0.925199891090393, "Loss/Eval/Exp3": 0.8915387027992142, "Loss/Epoch0/Train/Exp4": 0.03691267861519009, "Loss/Epoch1/Train/Exp4": 0.035915814427353324, "Loss/Epoch2/Train/Exp4": 0.032627090109745044, "Loss/Epoch3/Train/Exp4": 0.028248195056803524, "Loss/Epoch4/Train/Exp4": 0.022334867706522345, "Loss/Eval/Exp4/Exp1": 0.394615391433239, "Loss/Eval/Exp4/Exp2": 1.451395266532898, "Loss/Eval/Exp4/Exp3": 0.9801694078445434, "Loss/Eval/Exp4/Exp4": 1.4499376487731934, "Loss/Eval/Exp4": 1.0690294286459685, "Loss/Epoch0/Train/Exp5": 0.08573154760786565, "Loss/Epoch1/Train/Exp5": 0.08353323355317116, "Loss/Epoch2/Train/Exp5": 0.07381275826483033, "Loss/Epoch3/Train/Exp5": 0.05884761776280357, "Loss/Epoch4/Train/Exp5": 0.048507990582074854, "Loss/Eval/Exp5/Exp1": 0.41182499974966047, "Loss/Eval/Exp5/Exp2": 1.4780021200180053, "Loss/Eval/Exp5/Exp3": 1.030426784992218, "Loss/Eval/Exp5/Exp4": 1.4941506023406983, "Loss/Eval/Exp5/Exp5": 0.6435758202075959, "Loss/Eval/Exp5": 1.0115960654616356, "Loss/Epoch0/Train/Exp6": 0.002505907140584895, "Loss/Epoch1/Train/Exp6": 0.0024978275813691653, "Loss/Epoch2/Train/Exp6": 0.0024539252901740836, "Loss/Epoch3/Train/Exp6": 0.0023804354833555407, "Loss/Epoch4/Train/Exp6": 0.0023141298743212246, "Loss/Eval/Exp6/Exp1": 0.4209211944937706, "Loss/Eval/Exp6/Exp2": 1.5105149264335633, "Loss/Eval/Exp6/Exp3": 1.0391373147964478, "Loss/Eval/Exp6/Exp4": 1.4975187969207764, "Loss/Eval/Exp6/Exp5": 0.6470490214824677, "Loss/Eval/Exp6/Exp6": 0.6665176138877869, "Loss/Eval/Exp6": 0.963609811335802, "Loss/Epoch0/Train/Exp7": 0.18089971624602186, "Loss/Epoch1/Train/Exp7": 0.17699787362551433, "Loss/Epoch2/Train/Exp7": 0.16937779648345896, "Loss/Epoch3/Train/Exp7": 0.15182451796834356, "Loss/Epoch4/Train/Exp7": 0.13415780590794385, "Loss/Eval/Exp7/Exp1": 0.44163359542687736, "Loss/Eval/Exp7/Exp2": 1.521247986316681, "Loss/Eval/Exp7/Exp3": 1.051102159500122, "Loss/Eval/Exp7/Exp4": 1.4917508850097656, "Loss/Eval/Exp7/Exp5": 0.6492306303977966, "Loss/Eval/Exp7/Exp6": 0.6690716805458069, "Loss/Eval/Exp7/Exp7": 0.4962001852989197, "Loss/Eval/Exp7": 0.9028910174994241, "Loss/Epoch0/Train/Exp8": 0.030621187444387486, "Loss/Epoch1/Train/Exp8": 0.02984019248819095, "Loss/Epoch2/Train/Exp8": 0.027769978485575848, "Loss/Epoch3/Train/Exp8": 0.022837695189855366, "Loss/Epoch4/Train/Exp8": 0.01828057926142719, "Loss/Eval/Exp8/Exp1": 0.45096042768160505, "Loss/Eval/Exp8/Exp2": 1.5519886870384216, "Loss/Eval/Exp8/Exp3": 1.0697055053710938, "Loss/Eval/Exp8/Exp4": 1.5179574546813965, "Loss/Eval/Exp8/Exp5": 0.6662906239032745, "Loss/Eval/Exp8/Exp6": 0.6863717408180237, "Loss/Eval/Exp8/Exp7": 0.5064325358867645, "Loss/Eval/Exp8/Exp8": 0.9473868608474731, "Loss/Eval/Exp8": 0.9246367295285067, "Loss/Epoch0/Train/Exp9": 0.0011056462160195224, "Loss/Epoch1/Train/Exp9": 0.001103832726366818, "Loss/Epoch2/Train/Exp9": 0.0010995599055968342, "Loss/Epoch3/Train/Exp9": 0.0010880212857773586, "Loss/Epoch4/Train/Exp9": 0.001075129791274776, "Loss/Eval/Exp9/Exp1": 0.4660701869924863, "Loss/Eval/Exp9/Exp2": 1.5595610632896424, "Loss/Eval/Exp9/Exp3": 1.082306477546692, "Loss/Eval/Exp9/Exp4": 1.5585336532592773, "Loss/Eval/Exp9/Exp5": 0.7634143781661987, "Loss/Eval/Exp9/Exp6": 0.6879279737472535, "Loss/Eval/Exp9/Exp7": 0.5179875135421753, "Loss/Eval/Exp9/Exp8": 0.9575874242782593, "Loss/Eval/Exp9/Exp9": 0.9739479160308838, "Loss/Eval/Exp9": 0.9519262874280964}, "Acc": {"Acc/Epoch0/Train/Exp1": 0.8517333333333333, "Acc/Epoch1/Train/Exp1": 0.8742666666666666, "Acc/Epoch2/Train/Exp1": 0.8889666666666667, "Acc/Epoch3/Train/Exp1": 0.8981, "Acc/Epoch4/Train/Exp1": 0.9054333333333333, "Acc/Epoch5/Train/Exp1": 0.9128666666666667, "Acc/Epoch6/Train/Exp1": 0.9174666666666667, "Acc/Epoch7/Train/Exp1": 0.9212666666666667, "Acc/Eval/Exp1/Exp1": 0.892, "Acc/Eval/Exp1": 0.892, "Acc/Epoch0/Train/Exp2": 0.84, "Acc/Epoch1/Train/Exp2": 0.84, "Acc/Epoch2/Train/Exp2": 0.88, "Acc/Epoch3/Train/Exp2": 0.96, "Acc/Epoch4/Train/Exp2": 0.96, "Acc/Eval/Exp2/Exp1": 0.8866666666666667, "Acc/Eval/Exp2/Exp2": 0.582, "Acc/Eval/Exp2": 0.8632307692307692, "Acc/Epoch0/Train/Exp3": 1.0, "Acc/Epoch1/Train/Exp3": 1.0, "Acc/Epoch2/Train/Exp3": 1.0, "Acc/Epoch3/Train/Exp3": 1.0, "Acc/Epoch4/Train/Exp3": 1.0, "Acc/Eval/Exp3/Exp1": 0.883, "Acc/Eval/Exp3/Exp2": 0.566, "Acc/Eval/Exp3/Exp3": 0.732, "Acc/Eval/Exp3": 0.8495714285714285, "Acc/Epoch0/Train/Exp4": 1.0, "Acc/Epoch1/Train/Exp4": 1.0, "Acc/Epoch2/Train/Exp4": 1.0, "Acc/Epoch3/Train/Exp4": 1.0, "Acc/Epoch4/Train/Exp4": 1.0, "Acc/Eval/Exp4/Exp1": 0.879, "Acc/Eval/Exp4/Exp2": 0.556, "Acc/Eval/Exp4/Exp3": 0.712, "Acc/Eval/Exp4/Exp4": 0.584, "Acc/Eval/Exp4": 0.8266666666666667, "Acc/Epoch0/Train/Exp5": 0.96, "Acc/Epoch1/Train/Exp5": 0.96, "Acc/Epoch2/Train/Exp5": 1.0, "Acc/Epoch3/Train/Exp5": 1.0, "Acc/Epoch4/Train/Exp5": 1.0, "Acc/Eval/Exp5/Exp1": 0.8745, "Acc/Eval/Exp5/Exp2": 0.548, "Acc/Eval/Exp5/Exp3": 0.706, "Acc/Eval/Exp5/Exp4": 0.582, "Acc/Eval/Exp5/Exp5": 0.842, "Acc/Eval/Exp5": 0.82325, "Acc/Epoch0/Train/Exp6": 1.0, "Acc/Epoch1/Train/Exp6": 1.0, "Acc/Epoch2/Train/Exp6": 1.0, "Acc/Epoch3/Train/Exp6": 1.0, "Acc/Epoch4/Train/Exp6": 1.0, "Acc/Eval/Exp6/Exp1": 0.8725, "Acc/Eval/Exp6/Exp2": 0.536, "Acc/Eval/Exp6/Exp3": 0.706, "Acc/Eval/Exp6/Exp4": 0.582, "Acc/Eval/Exp6/Exp5": 0.842, "Acc/Eval/Exp6/Exp6": 0.802, "Acc/Eval/Exp6": 0.8198823529411765, "Acc/Epoch0/Train/Exp7": 0.96, "Acc/Epoch1/Train/Exp7": 0.96, "Acc/Epoch2/Train/Exp7": 0.96, "Acc/Epoch3/Train/Exp7": 0.96, "Acc/Epoch4/Train/Exp7": 0.96, "Acc/Eval/Exp7/Exp1": 0.8671666666666666, "Acc/Eval/Exp7/Exp2": 0.536, "Acc/Eval/Exp7/Exp3": 0.704, "Acc/Eval/Exp7/Exp4": 0.588, "Acc/Eval/Exp7/Exp5": 0.84, "Acc/Eval/Exp7/Exp6": 0.802, "Acc/Eval/Exp7/Exp7": 0.858, "Acc/Eval/Exp7": 0.8185555555555556, "Acc/Epoch0/Train/Exp8": 1.0, "Acc/Epoch1/Train/Exp8": 1.0, "Acc/Epoch2/Train/Exp8": 1.0, "Acc/Epoch3/Train/Exp8": 1.0, "Acc/Epoch4/Train/Exp8": 1.0, "Acc/Eval/Exp8/Exp1": 0.866, "Acc/Eval/Exp8/Exp2": 0.512, "Acc/Eval/Exp8/Exp3": 0.702, "Acc/Eval/Exp8/Exp4": 0.58, "Acc/Eval/Exp8/Exp5": 0.834, "Acc/Eval/Exp8/Exp6": 0.79, "Acc/Eval/Exp8/Exp7": 0.854, "Acc/Eval/Exp8/Exp8": 0.71, "Acc/Eval/Exp8": 0.8091578947368421, "Acc/Epoch0/Train/Exp9": 1.0, "Acc/Epoch1/Train/Exp9": 1.0, "Acc/Epoch2/Train/Exp9": 1.0, "Acc/Epoch3/Train/Exp9": 1.0, "Acc/Epoch4/Train/Exp9": 1.0, "Acc/Eval/Exp9/Exp1": 0.8625, "Acc/Eval/Exp9/Exp2": 0.512, "Acc/Eval/Exp9/Exp3": 0.7, "Acc/Eval/Exp9/Exp4": 0.576, "Acc/Eval/Exp9/Exp5": 0.796, "Acc/Eval/Exp9/Exp6": 0.79, "Acc/Eval/Exp9/Exp7": 0.852, "Acc/Eval/Exp9/Exp8": 0.71, "Acc/Eval/Exp9/Exp9": 0.696, "Acc/Eval/Exp9": 0.7991, "AvgAcc": 0.8293055555555555}, "Forgetting": {"Forgetting/Eval/Exp2/Exp1": 0.005333333333333301, "Forgetting/Eval/Exp2": 0.005333333333333301, "Forgetting/Eval/Exp3/Exp1": 0.009000000000000008, "Forgetting/Eval/Exp3/Exp2": 0.016000000000000014,