{"Loss": {"Loss/Epoch0/Train/Exp1": 0.4894960214058558, "Loss/Epoch1/Train/Exp1": 0.4033428253253301, "Loss/Epoch2/Train/Exp1": 0.36238783828814825, "Loss/Epoch3/Train/Exp1": 0.3306258603374163, "Loss/Epoch4/Train/Exp1": 0.307451219411691, "Loss/Epoch5/Train/Exp1": 0.2898434315522512, "Loss/Epoch6/Train/Exp1": 0.2728563295165698, "Loss/Epoch7/Train/Exp1": 0.2588328822930654, "Loss/Eval/Exp1/Exp1": 0.3545863265991211, "Loss/Eval/Exp1": 0.3545863265991211, "Loss/Epoch0/Train/Exp2": 0.437818509452045, "Loss/Epoch1/Train/Exp2": 0.4331363701820374, "Loss/Epoch2/Train/Exp2": 0.4192429718887433, "Loss/Epoch3/Train/Exp2": 0.3959037460759282, "Loss/Epoch4/Train/Exp2": 0.3522630803287029, "Loss/Eval/Exp2/Exp1": 0.37982106375694275, "Loss/Eval/Exp2/Exp2": 0.8042911267280579, "Loss/Eval/Exp2": 0.5920560952425004, "Loss/Epoch0/Train/Exp3": 0.10413409843109549, "Loss/Epoch1/Train/Exp3": 0.10122966654816992, "Loss/Epoch2/Train/Exp3": 0.09290220394963399, "Loss/Epoch3/Train/Exp3": 0.08162963846698404, "Loss/Epoch4/Train/Exp3": 0.06396320381201803, "Loss/Eval/Exp3/Exp1": 0.3951779646873474, "Loss/Eval/Exp3/Exp2": 0.8980084066390991, "Loss/Eval/Exp3/Exp3": 0.7816489040851593, "Loss/Eval/Exp3": 0.6916117584705352, "Loss/Epoch0/Train/Exp4": 0.013504458688548765, "Loss/Epoch1/Train/Exp4": 0.01323164429031749, "Loss/Epoch2/Train/Exp4": 0.012840485594933853, "Loss/Epoch3/Train/Exp4": 0.011597999938530848, "Loss/Epoch4/Train/Exp4": 0.010351022225804626, "Loss/Eval/Exp4/Exp1": 0.4114975687265396, "Loss/Eval/Exp4/Exp2": 0.955484356880188, "Loss/Eval/Exp4/Exp3": 0.9060715551376343, "Loss/Eval/Exp4/Exp4": 1.410506537437439, "Loss/Eval/Exp4": 0.9208900045454502, "Loss/Epoch0/Train/Exp5": 0.14147618624847383, "Loss/Epoch1/Train/Exp5": 0.13815419350750743, "Loss/Epoch2/Train/Exp5": 0.12956893195398153, "Loss/Epoch3/Train/Exp5": 0.11095357327838429, "Loss/Epoch4/Train/Exp5": 0.09147966445372731, "Loss/Eval/Exp5/Exp1": 0.42681449294090273, "Loss/Eval/Exp5/Exp2": 1.0095731143951416, "Loss/Eval/Exp5/Exp3": 0.9334036860466003, "Loss/Eval/Exp5/Exp4": 1.4126691188812255, "Loss/Eval/Exp5/Exp5": 0.5546521878242493, "Loss/Eval/Exp5": 0.8674225200176238, "Loss/Epoch0/Train/Exp6": 0.008465927931829355, "Loss/Epoch1/Train/Exp6": 0.008348753342843337, "Loss/Epoch2/Train/Exp6": 0.007675211591413244, "Loss/Epoch3/Train/Exp6": 0.006685406523902202, "Loss/Epoch4/Train/Exp6": 0.005940377091465052, "Loss/Eval/Exp6/Exp1": 0.4370672825574875, "Loss/Eval/Exp6/Exp2": 1.0283498744964599, "Loss/Eval/Exp6/Exp3": 0.9401480188369751, "Loss/Eval/Exp6/Exp4": 1.4106148319244385, "Loss/Eval/Exp6/Exp5": 0.5578843801021576, "Loss/Eval/Exp6/Exp6": 0.6394124722480774, "Loss/Eval/Exp6": 0.8355794766942659, "Loss/Epoch0/Train/Exp7": 0.1344922949839372, "Loss/Epoch1/Train/Exp7": 0.13082152516580664, "Loss/Epoch2/Train/Exp7": 0.12387288830825127, "Loss/Epoch3/Train/Exp7": 0.10789954214975296, "Loss/Epoch4/Train/Exp7": 0.09258751973509334, "Loss/Eval/Exp7/Exp1": 0.4586537141799927, "Loss/Eval/Exp7/Exp2": 1.034786425590515, "Loss/Eval/Exp7/Exp3": 0.9612973046302795, "Loss/Eval/Exp7/Exp4": 1.3970196447372436, "Loss/Eval/Exp7/Exp5": 0.5602936098575592, "Loss/Eval/Exp7/Exp6": 0.6410433745384216, "Loss/Eval/Exp7/Exp7": 0.5552029727697373, "Loss/Eval/Exp7": 0.8011852923291068, "Loss/Epoch0/Train/Exp8": 0.0517015038066711, "Loss/Epoch1/Train/Exp8": 0.049513158626068615, "Loss/Epoch2/Train/Exp8": 0.04425305261451171, "Loss/Epoch3/Train/Exp8": 0.0305921611206395, "Loss/Epoch4/Train/Exp8": 0.020447387993317533, "Loss/Eval/Exp8/Exp1": 0.47231431992848716, "Loss/Eval/Exp8/Exp2": 1.1262375497817994, "Loss/Eval/Exp8/Exp3": 0.9905794496536255, "Loss/Eval/Exp8/Exp4": 1.4511033725738525, "Loss/Eval/Exp8/Exp5": 0.5754152402877808, "Loss/Eval/Exp8/Exp6": 0.7037286248207092, "Loss/Eval/Exp8/Exp7": 0.5657912361621856, "Loss/Eval/Exp8/Exp8": 0.7517904510498047, "Loss/Eval/Exp8": 0.8296200305322806, "Loss/Epoch0/Train/Exp9": 0.005255610991735011, "Loss/Epoch1/Train/Exp9": 0.005204418665962294, "Loss/Epoch2/Train/Exp9": 0.005151804463675944, "Loss/Epoch3/Train/Exp9": 0.00453287259399076, "Loss/Epoch4/Train/Exp9": 0.004134079302310738, "Loss/Eval/Exp9/Exp1": 0.48938178857167564, "Loss/Eval/Exp9/Exp2": 1.1309610862731934, "Loss/Eval/Exp9/Exp3": 1.0195887732505797, "Loss/Eval/Exp9/Exp4": 1.482166374206543, "Loss/Eval/Exp9/Exp5": 0.6323061301708222, "Loss/Eval/Exp9/Exp6": 0.7064260172843934, "Loss/Eval/Exp9/Exp7": 0.5821797757148742, "Loss/Eval/Exp9/Exp8": 0.7588057835102081, "Loss/Eval/Exp9/Exp9": 1.0326634287834167, "Loss/Eval/Exp9": 0.8704976841961896}, "Acc": {"Acc/Epoch0/Train/Exp1": 0.8486, "Acc/Epoch1/Train/Exp1": 0.8719, "Acc/Epoch2/Train/Exp1": 0.8837, "Acc/Epoch3/Train/Exp1": 0.8921, "Acc/Epoch4/Train/Exp1": 0.8988666666666667, "Acc/Epoch5/Train/Exp1": 0.9050666666666667, "Acc/Epoch6/Train/Exp1": 0.9097, "Acc/Epoch7/Train/Exp1": 0.9141666666666667, "Acc/Eval/Exp1/Exp1": 0.8873333333333333, "Acc/Eval/Exp1": 0.8873333333333333, "Acc/Epoch0/Train/Exp2": 0.92, "Acc/Epoch1/Train/Exp2": 0.92, "Acc/Epoch2/Train/Exp2": 0.92, "Acc/Epoch3/Train/Exp2": 0.92, "Acc/Epoch4/Train/Exp2": 0.92, "Acc/Eval/Exp2/Exp1": 0.8815, "Acc/Eval/Exp2/Exp2": 0.762, "Acc/Eval/Exp2": 0.8723076923076923, "Acc/Epoch0/Train/Exp3": 0.96, "Acc/Epoch1/Train/Exp3": 0.96, "Acc/Epoch2/Train/Exp3": 0.96, "Acc/Epoch3/Train/Exp3": 0.96, "Acc/Epoch4/Train/Exp3": 0.96, "Acc/Eval/Exp3/Exp1": 0.8775, "Acc/Eval/Exp3/Exp2": 0.74, "Acc/Eval/Exp3/Exp3": 0.782, "Acc/Eval/Exp3": 0.8608571428571429, "Acc/Epoch0/Train/Exp4": 1.0, "Acc/Epoch1/Train/Exp4": 1.0, "Acc/Epoch2/Train/Exp4": 1.0, "Acc/Epoch3/Train/Exp4": 1.0, "Acc/Epoch4/Train/Exp4": 1.0, "Acc/Eval/Exp4/Exp1": 0.8723333333333333, "Acc/Eval/Exp4/Exp2": 0.728, "Acc/Eval/Exp4/Exp3": 0.73, "Acc/Eval/Exp4/Exp4": 0.61, "Acc/Eval/Exp4": 0.8357333333333333, "Acc/Epoch0/Train/Exp5": 0.96, "Acc/Epoch1/Train/Exp5": 0.96, "Acc/Epoch2/Train/Exp5": 0.96, "Acc/Epoch3/Train/Exp5": 0.96, "Acc/Epoch4/Train/Exp5": 0.96, "Acc/Eval/Exp5/Exp1": 0.8693333333333333, "Acc/Eval/Exp5/Exp2": 0.712, "Acc/Eval/Exp5/Exp3": 0.72, "Acc/Eval/Exp5/Exp4": 0.608, "Acc/Eval/Exp5/Exp5": 0.838, "Acc/Eval/Exp5": 0.831875, "Acc/Epoch0/Train/Exp6": 1.0, "Acc/Epoch1/Train/Exp6": 1.0, "Acc/Epoch2/Train/Exp6": 1.0, "Acc/Epoch3/Train/Exp6": 1.0, "Acc/Epoch4/Train/Exp6": 1.0, "Acc/Eval/Exp6/Exp1": 0.867, "Acc/Eval/Exp6/Exp2": 0.702, "Acc/Eval/Exp6/Exp3": 0.72, "Acc/Eval/Exp6/Exp4": 0.606, "Acc/Eval/Exp6/Exp5": 0.838, "Acc/Eval/Exp6/Exp6": 0.828, "Acc/Eval/Exp6": 0.8292941176470588, "Acc/Epoch0/Train/Exp7": 0.96, "Acc/Epoch1/Train/Exp7": 0.96, "Acc/Epoch2/Train/Exp7": 0.96, "Acc/Epoch3/Train/Exp7": 0.96, "Acc/Epoch4/Train/Exp7": 0.96, "Acc/Eval/Exp7/Exp1": 0.8628333333333333, "Acc/Eval/Exp7/Exp2": 0.708, "Acc/Eval/Exp7/Exp3": 0.714, "Acc/Eval/Exp7/Exp4": 0.61, "Acc/Eval/Exp7/Exp5": 0.838, "Acc/Eval/Exp7/Exp6": 0.826, "Acc/Eval/Exp7/Exp7": 0.832, "Acc/Eval/Exp7": 0.8267777777777777, "Acc/Epoch0/Train/Exp8": 0.96, "Acc/Epoch1/Train/Exp8": 0.96, "Acc/Epoch2/Train/Exp8": 0.96, "Acc/Epoch3/Train/Exp8": 1.0, "Acc/Epoch4/Train/Exp8": 1.0, "Acc/Eval/Exp8/Exp1": 0.8585, "Acc/Eval/Exp8/Exp2": 0.672, "Acc/Eval/Exp8/Exp3": 0.712, "Acc/Eval/Exp8/Exp4": 0.59, "Acc/Eval/Exp8/Exp5": 0.832, "Acc/Eval/Exp8/Exp6": 0.802, "Acc/Eval/Exp8/Exp7": 0.83, "Acc/Eval/Exp8/Exp8": 0.806, "Acc/Eval/Exp8": 0.8182105263157895, "Acc/Epoch0/Train/Exp9": 1.0, "Acc/Epoch1/Train/Exp9": 1.0, "Acc/Epoch2/Train/Exp9": 1.0, "Acc/Epoch3/Train/Exp9": 1.0, "Acc/Epoch4/Train/Exp9": 1.0, "Acc/Eval/Exp9/Exp1": 0.854, "Acc/Eval/Exp9/Exp2": 0.674, "Acc/Eval/Exp9/Exp3": 0.71, "Acc/Eval/Exp9/Exp4": 0.584, "Acc/Eval/Exp9/Exp5": 0.81, "Acc/Eval/Exp9/Exp6": 0.802, "Acc/Eval/Exp9/Exp7": 0.83, "Acc/Eval/Exp9/Exp8": 0.802, "Acc/Eval/Exp9/Exp9": 0.666, "Acc/Eval/Exp9": 0.8063, "AvgAcc": 0.8370694444444444}, "Forgetting": {"Forgetting/Eval/Exp2/Exp1": 0.005833333333333357, "Forgetting/Eval/Exp2": 0.005833333333333357, "Forgetting/Eval/Exp3/Exp1": 0.00983333333333336, "Forgetting/Eval/Exp3/Exp2": 0.02200000000000002,