{"Loss": {"Loss/Epoch0/Train/Exp1": 0.46704507273832957, "Loss/Epoch1/Train/Exp1": 0.38522052245140076, "Loss/Epoch2/Train/Exp1": 0.33716783416072527, "Loss/Epoch3/Train/Exp1": 0.3075953152279059, "Loss/Epoch4/Train/Exp1": 0.27903004075487453, "Loss/Epoch5/Train/Exp1": 0.2594288386742274, "Loss/Epoch6/Train/Exp1": 0.24101962067385516, "Loss/Epoch7/Train/Exp1": 0.2253833747436603, "Loss/Eval/Exp1/Exp1": 0.33206295691927273, "Loss/Eval/Exp1": 0.33206295691927273, "Loss/Epoch0/Train/Exp2": 0.41972841280512513, "Loss/Epoch1/Train/Exp2": 0.3958166518062353, "Loss/Epoch2/Train/Exp2": 0.3493241970147938, "Loss/Epoch3/Train/Exp2": 0.26031532779685224, "Loss/Epoch4/Train/Exp2": 0.15099118421727326, "Loss/Eval/Exp2/Exp1": 0.3489319323897362, "Loss/Eval/Exp2/Exp2": 0.9887676706314087, "Loss/Eval/Exp2": 0.6688498015105724, "Loss/Epoch0/Train/Exp3": 0.04748015200602822, "Loss/Epoch1/Train/Exp3": 0.04650871391320834, "Loss/Epoch2/Train/Exp3": 0.041395271903893444, "Loss/Epoch3/Train/Exp3": 0.03862795660912525, "Loss/Epoch4/Train/Exp3": 0.027976047890260817, "Loss/Eval/Exp3/Exp1": 0.3644166930814584, "Loss/Eval/Exp3/Exp2": 1.0673552951812744, "Loss/Eval/Exp3/Exp3": 0.7837505474090576, "Loss/Eval/Exp3": 0.7385075118905968, "Loss/Epoch0/Train/Exp4": 0.009140859299513977, "Loss/Epoch1/Train/Exp4": 0.009079867266036672, "Loss/Epoch2/Train/Exp4": 0.008790955692529679, "Loss/Epoch3/Train/Exp4": 0.008358192397281528, "Loss/Epoch4/Train/Exp4": 0.0076097300834953785, "Loss/Eval/Exp4/Exp1": 0.38303947741786637, "Loss/Eval/Exp4/Exp2": 1.1411139154434204, "Loss/Eval/Exp4/Exp3": 0.847179057598114, "Loss/Eval/Exp4/Exp4": 1.2622513914108275, "Loss/Eval/Exp4": 0.9083959604675571, "Loss/Epoch0/Train/Exp5": 0.04578942201187601, "Loss/Epoch1/Train/Exp5": 0.04486278188414872, "Loss/Epoch2/Train/Exp5": 0.041259205555397784, "Loss/Epoch3/Train/Exp5": 0.03513779247965431, "Loss/Epoch4/Train/Exp5": 0.029996091839493602, "Loss/Eval/Exp5/Exp1": 0.398577038615942, "Loss/Eval/Exp5/Exp2": 1.1885475349426269, "Loss/Eval/Exp5/Exp3": 0.8801536931991577, "Loss/Eval/Exp5/Exp4": 1.294792776107788, "Loss/Eval/Exp5/Exp5": 0.5215105664730072, "Loss/Eval/Exp5": 0.8567163218677043, "Loss/Epoch0/Train/Exp6": 0.0033481586788548156, "Loss/Epoch1/Train/Exp6": 0.0033357064004303537, "Loss/Epoch2/Train/Exp6": 0.0032602300553116947, "Loss/Epoch3/Train/Exp6": 0.0031364077579928563, "Loss/Epoch4/Train/Exp6": 0.003029882253613323, "Loss/Eval/Exp6/Exp1": 0.40843150472640993, "Loss/Eval/Exp6/Exp2": 1.2014693994522094, "Loss/Eval/Exp6/Exp3": 0.8845812139511109, "Loss/Eval/Exp6/Exp4": 1.2968547477722168, "Loss/Eval/Exp6/Exp5": 0.5259390413761139, "Loss/Eval/Exp6/Exp6": 0.5562474899291993, "Loss/Eval/Exp6": 0.8122538995345434, "Loss/Epoch0/Train/Exp7": 0.24468363443621455, "Loss/Epoch1/Train/Exp7": 0.23863340879535827, "Loss/Epoch2/Train/Exp7": 0.2269175419874955, "Loss/Epoch3/Train/Exp7": 0.1993692336435197, "Loss/Epoch4/Train/Exp7": 0.17160119088335704, "Loss/Eval/Exp7/Exp1": 0.42633863917986553, "Loss/Eval/Exp7/Exp2": 1.2189777050018311, "Loss/Eval/Exp7/Exp3": 0.8938623933792115, "Loss/Eval/Exp7/Exp4": 1.278879430770874, "Loss/Eval/Exp7/Exp5": 0.5346934514045716, "Loss/Eval/Exp7/Exp6": 0.5616513662338257, "Loss/Eval/Exp7/Exp7": 0.5761276426315307, "Loss/Eval/Exp7": 0.7843615183716729, "Loss/Epoch0/Train/Exp8": 0.09777811113577627, "Loss/Epoch1/Train/Exp8": 0.09399591921304819, "Loss/Epoch2/Train/Exp8": 0.08398681981981099, "Loss/Epoch3/Train/Exp8": 0.059548909046279734, "Loss/Epoch4/Train/Exp8": 0.03923750749090232, "Loss/Eval/Exp8/Exp1": 0.43850096241633096, "Loss/Eval/Exp8/Exp2": 1.2401319398880004, "Loss/Eval/Exp8/Exp3": 0.9132106065750122, "Loss/Eval/Exp8/Exp4": 1.2898699502944946, "Loss/Eval/Exp8/Exp5": 0.5531688666343689, "Loss/Eval/Exp8/Exp6": 0.5978797733783722, "Loss/Eval/Exp8/Exp7": 0.5798451671600342, "Loss/Eval/Exp8/Exp8": 0.7977720665931701, "Loss/Eval/Exp8": 0.8012974166174729, "Loss/Epoch0/Train/Exp9": 0.009594742594053969, "Loss/Epoch1/Train/Exp9": 0.009372961530316389, "Loss/Epoch2/Train/Exp9": 0.008926966262879431, "Loss/Epoch3/Train/Exp9": 0.007741511944122976, "Loss/Epoch4/Train/Exp9": 0.00667590453156663, "Loss/Eval/Exp9/Exp1": 0.45610523174206413, "Loss/Eval/Exp9/Exp2": 1.2443238410949706, "Loss/Eval/Exp9/Exp3": 0.9302396984100342, "Loss/Eval/Exp9/Exp4": 1.3310836477279664, "Loss/Eval/Exp9/Exp5": 0.627710394859314, "Loss/Eval/Exp9/Exp6": 0.6010136957168579, "Loss/Eval/Exp9/Exp7": 0.5992615022659302, "Loss/Eval/Exp9/Exp8": 0.8035835251808167, "Loss/Eval/Exp9/Exp9": 0.8799172399044037, "Loss/Eval/Exp9": 0.830359864100262}, "Acc": {"Acc/Epoch0/Train/Exp1": 0.8553, "Acc/Epoch1/Train/Exp1": 0.8766333333333334, "Acc/Epoch2/Train/Exp1": 0.8908, "Acc/Epoch3/Train/Exp1": 0.9004333333333333, "Acc/Epoch4/Train/Exp1": 0.9079666666666667, "Acc/Epoch5/Train/Exp1": 0.9138333333333334, "Acc/Epoch6/Train/Exp1": 0.9184333333333333, "Acc/Epoch7/Train/Exp1": 0.9249666666666667, "Acc/Eval/Exp1/Exp1": 0.892, "Acc/Eval/Exp1": 0.892, "Acc/Epoch0/Train/Exp2": 0.88, "Acc/Epoch1/Train/Exp2": 0.88, "Acc/Epoch2/Train/Exp2": 0.92, "Acc/Epoch3/Train/Exp2": 0.92, "Acc/Epoch4/Train/Exp2": 0.96, "Acc/Eval/Exp2/Exp1": 0.8871666666666667, "Acc/Eval/Exp2/Exp2": 0.72, "Acc/Eval/Exp2": 0.8743076923076923, "Acc/Epoch0/Train/Exp3": 0.96, "Acc/Epoch1/Train/Exp3": 0.96, "Acc/Epoch2/Train/Exp3": 1.0, "Acc/Epoch3/Train/Exp3": 1.0, "Acc/Epoch4/Train/Exp3": 1.0, "Acc/Eval/Exp3/Exp1": 0.8843333333333333, "Acc/Eval/Exp3/Exp2": 0.706, "Acc/Eval/Exp3/Exp3": 0.806, "Acc/Eval/Exp3": 0.866, "Acc/Epoch0/Train/Exp4": 1.0, "Acc/Epoch1/Train/Exp4": 1.0, "Acc/Epoch2/Train/Exp4": 1.0, "Acc/Epoch3/Train/Exp4": 1.0, "Acc/Epoch4/Train/Exp4": 1.0, "Acc/Eval/Exp4/Exp1": 0.8783333333333333, "Acc/Eval/Exp4/Exp2": 0.68, "Acc/Eval/Exp4/Exp3": 0.782, "Acc/Eval/Exp4/Exp4": 0.618, "Acc/Eval/Exp4": 0.8413333333333334, "Acc/Epoch0/Train/Exp5": 1.0, "Acc/Epoch1/Train/Exp5": 1.0, "Acc/Epoch2/Train/Exp5": 1.0, "Acc/Epoch3/Train/Exp5": 1.0, "Acc/Epoch4/Train/Exp5": 1.0, "Acc/Eval/Exp5/Exp1": 0.8751666666666666, "Acc/Eval/Exp5/Exp2": 0.676, "Acc/Eval/Exp5/Exp3": 0.778, "Acc/Eval/Exp5/Exp4": 0.618, "Acc/Eval/Exp5/Exp5": 0.858, "Acc/Eval/Exp5": 0.8395, "Acc/Epoch0/Train/Exp6": 1.0, "Acc/Epoch1/Train/Exp6": 1.0, "Acc/Epoch2/Train/Exp6": 1.0, "Acc/Epoch3/Train/Exp6": 1.0, "Acc/Epoch4/Train/Exp6": 1.0, "Acc/Eval/Exp6/Exp1": 0.8725, "Acc/Eval/Exp6/Exp2": 0.674, "Acc/Eval/Exp6/Exp3": 0.778, "Acc/Eval/Exp6/Exp4": 0.618, "Acc/Eval/Exp6/Exp5": 0.858, "Acc/Eval/Exp6/Exp6": 0.828, "Acc/Eval/Exp6": 0.8368235294117647, "Acc/Epoch0/Train/Exp7": 0.96, "Acc/Epoch1/Train/Exp7": 0.96, "Acc/Epoch2/Train/Exp7": 0.96, "Acc/Epoch3/Train/Exp7": 0.96, "Acc/Epoch4/Train/Exp7": 0.96, "Acc/Eval/Exp7/Exp1": 0.8688333333333333, "Acc/Eval/Exp7/Exp2": 0.67, "Acc/Eval/Exp7/Exp3": 0.77, "Acc/Eval/Exp7/Exp4": 0.624, "Acc/Eval/Exp7/Exp5": 0.854, "Acc/Eval/Exp7/Exp6": 0.824, "Acc/Eval/Exp7/Exp7": 0.836, "Acc/Eval/Exp7": 0.8335555555555556, "Acc/Epoch0/Train/Exp8": 0.92, "Acc/Epoch1/Train/Exp8": 0.96, "Acc/Epoch2/Train/Exp8": 0.96, "Acc/Epoch3/Train/Exp8": 0.96, "Acc/Epoch4/Train/Exp8": 1.0, "Acc/Eval/Exp8/Exp1": 0.8665, "Acc/Eval/Exp8/Exp2": 0.656, "Acc/Eval/Exp8/Exp3": 0.76, "Acc/Eval/Exp8/Exp4": 0.618, "Acc/Eval/Exp8/Exp5": 0.848, "Acc/Eval/Exp8/Exp6": 0.804, "Acc/Eval/Exp8/Exp7": 0.842, "Acc/Eval/Exp8/Exp8": 0.748, "Acc/Eval/Exp8": 0.8249473684210527, "Acc/Epoch0/Train/Exp9": 1.0, "Acc/Epoch1/Train/Exp9": 1.0, "Acc/Epoch2/Train/Exp9": 1.0, "Acc/Epoch3/Train/Exp9": 1.0, "Acc/Epoch4/Train/Exp9": 1.0, "Acc/Eval/Exp9/Exp1": 0.8621666666666666, "Acc/Eval/Exp9/Exp2": 0.656, "Acc/Eval/Exp9/Exp3": 0.76, "Acc/Eval/Exp9/Exp4": 0.618, "Acc/Eval/Exp9/Exp5": 0.82, "Acc/Eval/Exp9/Exp6": 0.804, "Acc/Eval/Exp9/Exp7": 0.842, "Acc/Eval/Exp9/Exp8": 0.748, "Acc/Eval/Exp9/Exp9": 0.726, "Acc/Eval/Exp9": 0.816, "AvgAcc": 0.8435416666666666}, "Forgetting": {"Forgetting/Eval/Exp2/Exp1": 0.004833333333333356, "Forgetting/Eval/Exp2": 0.004833333333333356, "Forgetting/Eval/Exp3/Exp1": 0.0076666666666667105,