{"Loss": {"Loss/Epoch0/Train/Exp1": 0.4652692720413208, "Loss/Epoch1/Train/Exp1": 0.3836504734079043, "Loss/Epoch2/Train/Exp1": 0.3281306744098663, "Loss/Epoch3/Train/Exp1": 0.29628555987824995, "Loss/Epoch4/Train/Exp1": 0.266085823738575, "Loss/Epoch5/Train/Exp1": 0.24626290837029616, "Loss/Epoch6/Train/Exp1": 0.22778123500347136, "Loss/Epoch7/Train/Exp1": 0.20811670605738958, "Loss/Eval/Exp1/Exp1": 0.34118549154202144, "Loss/Eval/Exp1": 0.34118549154202144, "Loss/Epoch0/Train/Exp2": 0.4007826554309577, "Loss/Epoch1/Train/Exp2": 0.371520868986845, "Loss/Epoch2/Train/Exp2": 0.32891228376189247, "Loss/Epoch3/Train/Exp2": 0.25083636728348213, "Loss/Epoch4/Train/Exp2": 0.1810188075772021, "Loss/Eval/Exp2/Exp1": 0.36429225011666616, "Loss/Eval/Exp2/Exp2": 0.984796010017395, "Loss/Eval/Exp2": 0.6745441300670306, "Loss/Epoch0/Train/Exp3": 0.16344820054830053, "Loss/Epoch1/Train/Exp3": 0.15652313585585945, "Loss/Epoch2/Train/Exp3": 0.12173172958369832, "Loss/Epoch3/Train/Exp3": 0.10226761122001335, "Loss/Epoch4/Train/Exp3": 0.053563031204976144, "Loss/Eval/Exp3/Exp1": 0.376575940767924, "Loss/Eval/Exp3/Exp2": 1.1019892349243163, "Loss/Eval/Exp3/Exp3": 0.8994430932998657, "Loss/Eval/Exp3": 0.7926694229973688, "Loss/Epoch0/Train/Exp4": 0.0025238555256510155, "Loss/Epoch1/Train/Exp4": 0.002520855003494944, "Loss/Epoch2/Train/Exp4": 0.00250183108728379, "Loss/Epoch3/Train/Exp4": 0.0024761942110490052, "Loss/Epoch4/Train/Exp4": 0.002426490383222699, "Loss/Eval/Exp4/Exp1": 0.38897870999574663, "Loss/Eval/Exp4/Exp2": 1.1819406623840332, "Loss/Eval/Exp4/Exp3": 0.9481197099685669, "Loss/Eval/Exp4/Exp4": 1.4728258905410767, "Loss/Eval/Exp4": 0.9979662432223558, "Loss/Epoch0/Train/Exp5": 0.045682740936099434, "Loss/Epoch1/Train/Exp5": 0.044164490550756455, "Loss/Epoch2/Train/Exp5": 0.04056096029467881, "Loss/Epoch3/Train/Exp5": 0.03423601628164761, "Loss/Epoch4/Train/Exp5": 0.02795515405399783, "Loss/Eval/Exp5/Exp1": 0.4024242026209831, "Loss/Eval/Exp5/Exp2": 1.2322630558013916, "Loss/Eval/Exp5/Exp3": 0.9899947452545166, "Loss/Eval/Exp5/Exp4": 1.510656777381897, "Loss/Eval/Exp5/Exp5": 0.7333594493865967, "Loss/Eval/Exp5": 0.9737396460890769, "Loss/Epoch0/Train/Exp6": 0.00016881431538422474, "Loss/Epoch1/Train/Exp6": 0.00016880478477077077, "Loss/Epoch2/Train/Exp6": 0.00016876666417374507, "Loss/Epoch3/Train/Exp6": 0.0001686665794113651, "Loss/Epoch4/Train/Exp6": 0.00016859032415595721, "Loss/Eval/Exp6/Exp1": 0.4104716891646385, "Loss/Eval/Exp6/Exp2": 1.256058755874634, "Loss/Eval/Exp6/Exp3": 0.9969403214454651, "Loss/Eval/Exp6/Exp4": 1.5143723478317261, "Loss/Eval/Exp6/Exp5": 0.7362410326004029, "Loss/Eval/Exp6/Exp6": 0.6851432399749756, "Loss/Eval/Exp6": 0.9332045644819736, "Loss/Epoch0/Train/Exp7": 0.060617353298680426, "Loss/Epoch1/Train/Exp7": 0.05890302584361052, "Loss/Epoch2/Train/Exp7": 0.055781643112422896, "Loss/Epoch3/Train/Exp7": 0.048741979788755996, "Loss/Epoch4/Train/Exp7": 0.042441524825280796, "Loss/Eval/Exp7/Exp1": 0.4253406134446462, "Loss/Eval/Exp7/Exp2": 1.2584772443771362, "Loss/Eval/Exp7/Exp3": 1.003528549671173, "Loss/Eval/Exp7/Exp4": 1.5159832248687743, "Loss/Eval/Exp7/Exp5": 0.74046129322052, "Loss/Eval/Exp7/Exp6": 0.6888704175949096, "Loss/Eval/Exp7/Exp7": 0.68858513879776, "Loss/Eval/Exp7": 0.9030352117107027, "Loss/Epoch0/Train/Exp8": 0.030808773614082553, "Loss/Epoch1/Train/Exp8": 0.02938202473406818, "Loss/Epoch2/Train/Exp8": 0.026054751372257386, "Loss/Epoch3/Train/Exp8": 0.01765246314330966, "Loss/Epoch4/Train/Exp8": 0.011743567628290635, "Loss/Eval/Exp8/Exp1": 0.4352092730998993, "Loss/Eval/Exp8/Exp2": 1.3104503717422484, "Loss/Eval/Exp8/Exp3": 1.0372073583602905, "Loss/Eval/Exp8/Exp4": 1.5560634384155274, "Loss/Eval/Exp8/Exp5": 0.7725914931297302, "Loss/Eval/Exp8/Exp6": 0.7613852825164795, "Loss/Eval/Exp8/Exp7": 0.700414351940155, "Loss/Eval/Exp8/Exp8": 0.6499677240848541, "Loss/Eval/Exp8": 0.902911161661148, "Loss/Epoch0/Train/Exp9": 0.00527226829245592, "Loss/Epoch1/Train/Exp9": 0.005196255323644436, "Loss/Epoch2/Train/Exp9": 0.005040449317584716, "Loss/Epoch3/Train/Exp9": 0.004610760030736856, "Loss/Epoch4/Train/Exp9": 0.004198092770020594, "Loss/Eval/Exp9/Exp1": 0.4488337410092354, "Loss/Eval/Exp9/Exp2": 1.313889573097229, "Loss/Eval/Exp9/Exp3": 1.0599604296684264, "Loss/Eval/Exp9/Exp4": 1.6035362167358398, "Loss/Eval/Exp9/Exp5": 0.8346027503013611, "Loss/Eval/Exp9/Exp6": 0.7636347689628601, "Loss/Eval/Exp9/Exp7": 0.7139068899154664, "Loss/Eval/Exp9/Exp8": 0.6539764378070831, "Loss/Eval/Exp9/Exp9": 1.0309571228027343, "Loss/Eval/Exp9": 0.9359219922555818}, "Acc": {"Acc/Epoch0/Train/Exp1": 0.8543, "Acc/Epoch1/Train/Exp1": 0.8786333333333334, "Acc/Epoch2/Train/Exp1": 0.8924, "Acc/Epoch3/Train/Exp1": 0.9017, "Acc/Epoch4/Train/Exp1": 0.9120333333333334, "Acc/Epoch5/Train/Exp1": 0.9186666666666666, "Acc/Epoch6/Train/Exp1": 0.9250333333333334, "Acc/Epoch7/Train/Exp1": 0.9297333333333333, "Acc/Eval/Exp1/Exp1": 0.8981666666666667, "Acc/Eval/Exp1": 0.8981666666666667, "Acc/Epoch0/Train/Exp2": 0.88, "Acc/Epoch1/Train/Exp2": 0.88, "Acc/Epoch2/Train/Exp2": 0.92, "Acc/Epoch3/Train/Exp2": 0.96, "Acc/Epoch4/Train/Exp2": 0.96, "Acc/Eval/Exp2/Exp1": 0.8908333333333334, "Acc/Eval/Exp2/Exp2": 0.73, "Acc/Eval/Exp2": 0.8784615384615385, "Acc/Epoch0/Train/Exp3": 0.92, "Acc/Epoch1/Train/Exp3": 0.92, "Acc/Epoch2/Train/Exp3": 0.92, "Acc/Epoch3/Train/Exp3": 0.92, "Acc/Epoch4/Train/Exp3": 0.96, "Acc/Eval/Exp3/Exp1": 0.8891666666666667, "Acc/Eval/Exp3/Exp2": 0.704, "Acc/Eval/Exp3/Exp3": 0.766, "Acc/Eval/Exp3": 0.8671428571428571, "Acc/Epoch0/Train/Exp4": 1.0, "Acc/Epoch1/Train/Exp4": 1.0, "Acc/Epoch2/Train/Exp4": 1.0, "Acc/Epoch3/Train/Exp4": 1.0, "Acc/Epoch4/Train/Exp4": 1.0, "Acc/Eval/Exp4/Exp1": 0.8853333333333333, "Acc/Eval/Exp4/Exp2": 0.69, "Acc/Eval/Exp4/Exp3": 0.754, "Acc/Eval/Exp4/Exp4": 0.558, "Acc/Eval/Exp4": 0.8417333333333333, "Acc/Epoch0/Train/Exp5": 1.0, "Acc/Epoch1/Train/Exp5": 1.0, "Acc/Epoch2/Train/Exp5": 1.0, "Acc/Epoch3/Train/Exp5": 1.0, "Acc/Epoch4/Train/Exp5": 1.0, "Acc/Eval/Exp5/Exp1": 0.8828333333333334, "Acc/Eval/Exp5/Exp2": 0.68, "Acc/Eval/Exp5/Exp3": 0.736, "Acc/Eval/Exp5/Exp4": 0.552, "Acc/Eval/Exp5/Exp5": 0.81, "Acc/Eval/Exp5": 0.83575, "Acc/Epoch0/Train/Exp6": 1.0, "Acc/Epoch1/Train/Exp6": 1.0, "Acc/Epoch2/Train/Exp6": 1.0, "Acc/Epoch3/Train/Exp6": 1.0, "Acc/Epoch4/Train/Exp6": 1.0, "Acc/Eval/Exp6/Exp1": 0.881, "Acc/Eval/Exp6/Exp2": 0.674, "Acc/Eval/Exp6/Exp3": 0.736, "Acc/Eval/Exp6/Exp4": 0.552, "Acc/Eval/Exp6/Exp5": 0.81, "Acc/Eval/Exp6/Exp6": 0.786, "Acc/Eval/Exp6": 0.8311764705882353, "Acc/Epoch0/Train/Exp7": 0.96, "Acc/Epoch1/Train/Exp7": 0.96, "Acc/Epoch2/Train/Exp7": 0.96, "Acc/Epoch3/Train/Exp7": 0.96, "Acc/Epoch4/Train/Exp7": 0.96, "Acc/Eval/Exp7/Exp1": 0.8771666666666667, "Acc/Eval/Exp7/Exp2": 0.676, "Acc/Eval/Exp7/Exp3": 0.732, "Acc/Eval/Exp7/Exp4": 0.554, "Acc/Eval/Exp7/Exp5": 0.808, "Acc/Eval/Exp7/Exp6": 0.79, "Acc/Eval/Exp7/Exp7": 0.82, "Acc/Eval/Exp7": 0.8281111111111111, "Acc/Epoch0/Train/Exp8": 1.0, "Acc/Epoch1/Train/Exp8": 1.0, "Acc/Epoch2/Train/Exp8": 1.0, "Acc/Epoch3/Train/Exp8": 1.0, "Acc/Epoch4/Train/Exp8": 1.0, "Acc/Eval/Exp8/Exp1": 0.8753333333333333, "Acc/Eval/Exp8/Exp2": 0.65, "Acc/Eval/Exp8/Exp3": 0.728, "Acc/Eval/Exp8/Exp4": 0.532, "Acc/Eval/Exp8/Exp5": 0.798, "Acc/Eval/Exp8/Exp6": 0.762, "Acc/Eval/Exp8/Exp7": 0.808, "Acc/Eval/Exp8/Exp8": 0.774, "Acc/Eval/Exp8": 0.8187368421052632, "Acc/Epoch0/Train/Exp9": 1.0, "Acc/Epoch1/Train/Exp9": 1.0, "Acc/Epoch2/Train/Exp9": 1.0, "Acc/Epoch3/Train/Exp9": 1.0, "Acc/Epoch4/Train/Exp9": 1.0, "Acc/Eval/Exp9/Exp1": 0.871, "Acc/Eval/Exp9/Exp2": 0.648, "Acc/Eval/Exp9/Exp3": 0.724, "Acc/Eval/Exp9/Exp4": 0.526, "Acc/Eval/Exp9/Exp5": 0.78, "Acc/Eval/Exp9/Exp6": 0.764, "Acc/Eval/Exp9/Exp7": 0.806, "Acc/Eval/Exp9/Exp8": 0.774, "Acc/Eval/Exp9/Exp9": 0.67, "Acc/Eval/Exp9": 0.8072, "AvgAcc": 0.8407777777777777}, "Forgetting": {"Forgetting/Eval/Exp2/Exp1": 0.007333333333333303, "Forgetting/Eval/Exp2": 0.007333333333333303, "Forgetting/Eval/Exp3/Exp1": 0.009000000000000008,