{"Loss": {"Loss/Epoch0/Train/Exp1": 0.5053528145631154, "Loss/Epoch1/Train/Exp1": 0.407671620853742, "Loss/Epoch2/Train/Exp1": 0.36458216614723205, "Loss/Epoch3/Train/Exp1": 0.33541184506813687, "Loss/Epoch4/Train/Exp1": 0.31129138865073525, "Loss/Epoch5/Train/Exp1": 0.29657444634437563, "Loss/Epoch6/Train/Exp1": 0.2809725877563159, "Loss/Epoch7/Train/Exp1": 0.2669824632048607, "Loss/Eval/Exp1/Exp1": 0.35942728900909426, "Loss/Eval/Exp1": 0.35942728900909426, "Loss/Epoch0/Train/Exp2": 0.2967757059168071, "Loss/Epoch1/Train/Exp2": 0.27796766005456447, "Loss/Epoch2/Train/Exp2": 0.2517692081362475, "Loss/Epoch3/Train/Exp2": 0.19807569403667002, "Loss/Epoch4/Train/Exp2": 0.15523819656344132, "Loss/Eval/Exp2/Exp1": 0.3806296372612317, "Loss/Eval/Exp2/Exp2": 0.9431403417587281, "Loss/Eval/Exp2": 0.6618849895099799, "Loss/Epoch0/Train/Exp3": 0.08822621228646313, "Loss/Epoch1/Train/Exp3": 0.08439374824461993, "Loss/Epoch2/Train/Exp3": 0.06699906540328811, "Loss/Epoch3/Train/Exp3": 0.05676453106454574, "Loss/Epoch4/Train/Exp3": 0.03307300549000502, "Loss/Eval/Exp3/Exp1": 0.40652765170733135, "Loss/Eval/Exp3/Exp2": 1.0763176689147949, "Loss/Eval/Exp3/Exp3": 0.696547101020813, "Loss/Eval/Exp3": 0.7264641405476464, "Loss/Epoch0/Train/Exp4": 0.005625419784009864, "Loss/Epoch1/Train/Exp4": 0.005600474587045028, "Loss/Epoch2/Train/Exp4": 0.0054942828956700395, "Loss/Epoch3/Train/Exp4": 0.005359829096705653, "Loss/Epoch4/Train/Exp4": 0.005166278698015958, "Loss/Eval/Exp4/Exp1": 0.4240065426826477, "Loss/Eval/Exp4/Exp2": 1.1431335506439209, "Loss/Eval/Exp4/Exp3": 0.7890183224678039, "Loss/Eval/Exp4/Exp4": 1.2930371646881103, "Loss/Eval/Exp4": 0.9122988951206207, "Loss/Epoch0/Train/Exp5": 0.10653899713230203, "Loss/Epoch1/Train/Exp5": 0.10367254077922552, "Loss/Epoch2/Train/Exp5": 0.0982298633735627, "Loss/Epoch3/Train/Exp5": 0.08249976673329912, "Loss/Epoch4/Train/Exp5": 0.0694731915554894, "Loss/Eval/Exp5/Exp1": 0.44591691726446153, "Loss/Eval/Exp5/Exp2": 1.1708599739074708, "Loss/Eval/Exp5/Exp3": 0.8160873899459838, "Loss/Eval/Exp5/Exp4": 1.2958739337921144, "Loss/Eval/Exp5/Exp5": 0.5417861397266388, "Loss/Eval/Exp5": 0.8541048709273337, "Loss/Epoch0/Train/Exp6": 0.05879938381258398, "Loss/Epoch1/Train/Exp6": 0.05704749767027351, "Loss/Epoch2/Train/Exp6": 0.046866595217725265, "Loss/Epoch3/Train/Exp6": 0.032666452250268777, "Loss/Epoch4/Train/Exp6": 0.02359801853504905, "Loss/Eval/Exp6/Exp1": 0.4556982259750366, "Loss/Eval/Exp6/Exp2": 1.1949712085723876, "Loss/Eval/Exp6/Exp3": 0.8267342100143432, "Loss/Eval/Exp6/Exp4": 1.2927951488494873, "Loss/Eval/Exp6/Exp5": 0.5485817947387696, "Loss/Eval/Exp6/Exp6": 0.6465407514572143, "Loss/Eval/Exp6": 0.8275535566012064, "Loss/Epoch0/Train/Exp7": 0.10047455327410688, "Loss/Epoch1/Train/Exp7": 0.09794275478092458, "Loss/Epoch2/Train/Exp7": 0.09314262336818502, "Loss/Epoch3/Train/Exp7": 0.081762830353764, "Loss/Epoch4/Train/Exp7": 0.07096331235709841, "Loss/Eval/Exp7/Exp1": 0.47779106465975446, "Loss/Eval/Exp7/Exp2": 1.2089921283721923, "Loss/Eval/Exp7/Exp3": 0.8437986979484559, "Loss/Eval/Exp7/Exp4": 1.270296028137207, "Loss/Eval/Exp7/Exp5": 0.5548939220905303, "Loss/Eval/Exp7/Exp6": 0.6480514676570892, "Loss/Eval/Exp7/Exp7": 0.38444130396842957, "Loss/Eval/Exp7": 0.7697520875476656, "Loss/Epoch0/Train/Exp8": 0.07403039760069988, "Loss/Epoch1/Train/Exp8": 0.07121212521131383, "Loss/Epoch2/Train/Exp8": 0.06263281492603255, "Loss/Epoch3/Train/Exp8": 0.047188459569579205, "Loss/Epoch4/Train/Exp8": 0.03267317505143609, "Loss/Eval/Exp8/Exp1": 0.48920518600940704, "Loss/Eval/Exp8/Exp2": 1.2511737298965455, "Loss/Eval/Exp8/Exp3": 0.8651300868988037, "Loss/Eval/Exp8/Exp4": 1.2833480377197266, "Loss/Eval/Exp8/Exp5": 0.5776290411949158, "Loss/Eval/Exp8/Exp6": 0.715452828168869, "Loss/Eval/Exp8/Exp7": 0.40785659551620485, "Loss/Eval/Exp8/Exp8": 0.8155062036514282, "Loss/Eval/Exp8": 0.8006627136319875, "Loss/Epoch0/Train/Exp9": 0.0033318601219798436, "Loss/Epoch1/Train/Exp9": 0.003265546057373285, "Loss/Epoch2/Train/Exp9": 0.0031911212258273736, "Loss/Epoch3/Train/Exp9": 0.002505605515470961, "Loss/Epoch4/Train/Exp9": 0.0021374855969040142, "Loss/Eval/Exp9/Exp1": 0.5066220624844233, "Loss/Eval/Exp9/Exp2": 1.2548942356109618, "Loss/Eval/Exp9/Exp3": 0.8863882975578308, "Loss/Eval/Exp9/Exp4": 1.3628214225769042, "Loss/Eval/Exp9/Exp5": 0.6368980178833008, "Loss/Eval/Exp9/Exp6": 0.7181910614967346, "Loss/Eval/Exp9/Exp7": 0.42610587167739866, "Loss/Eval/Exp9/Exp8": 0.8268552272319794, "Loss/Eval/Exp9/Exp9": 0.9342244362831116, "Loss/Eval/Exp9": 0.8392222925336272}, "Acc": {"Acc/Epoch0/Train/Exp1": 0.8424666666666667, "Acc/Epoch1/Train/Exp1": 0.8692666666666666, "Acc/Epoch2/Train/Exp1": 0.8816666666666667, "Acc/Epoch3/Train/Exp1": 0.8899, "Acc/Epoch4/Train/Exp1": 0.8974333333333333, "Acc/Epoch5/Train/Exp1": 0.9021333333333333, "Acc/Epoch6/Train/Exp1": 0.9077666666666667, "Acc/Epoch7/Train/Exp1": 0.9115666666666666, "Acc/Eval/Exp1/Exp1": 0.8846666666666667, "Acc/Eval/Exp1": 0.8846666666666667, "Acc/Epoch0/Train/Exp2": 0.92, "Acc/Epoch1/Train/Exp2": 0.92, "Acc/Epoch2/Train/Exp2": 0.92, "Acc/Epoch3/Train/Exp2": 0.96, "Acc/Epoch4/Train/Exp2": 0.96, "Acc/Eval/Exp2/Exp1": 0.879, "Acc/Eval/Exp2/Exp2": 0.714, "Acc/Eval/Exp2": 0.8663076923076923, "Acc/Epoch0/Train/Exp3": 0.92, "Acc/Epoch1/Train/Exp3": 0.92, "Acc/Epoch2/Train/Exp3": 0.96, "Acc/Epoch3/Train/Exp3": 1.0, "Acc/Epoch4/Train/Exp3": 1.0, "Acc/Eval/Exp3/Exp1": 0.8721666666666666, "Acc/Eval/Exp3/Exp2": 0.674, "Acc/Eval/Exp3/Exp3": 0.824, "Acc/Eval/Exp3": 0.8545714285714285, "Acc/Epoch0/Train/Exp4": 1.0, "Acc/Epoch1/Train/Exp4": 1.0, "Acc/Epoch2/Train/Exp4": 1.0, "Acc/Epoch3/Train/Exp4": 1.0, "Acc/Epoch4/Train/Exp4": 1.0, "Acc/Eval/Exp4/Exp1": 0.8678333333333333, "Acc/Eval/Exp4/Exp2": 0.672, "Acc/Eval/Exp4/Exp3": 0.786, "Acc/Eval/Exp4/Exp4": 0.582, "Acc/Eval/Exp4": 0.8302666666666667, "Acc/Epoch0/Train/Exp5": 0.96, "Acc/Epoch1/Train/Exp5": 0.96, "Acc/Epoch2/Train/Exp5": 0.96, "Acc/Epoch3/Train/Exp5": 0.96, "Acc/Epoch4/Train/Exp5": 1.0, "Acc/Eval/Exp5/Exp1": 0.8625, "Acc/Eval/Exp5/Exp2": 0.67, "Acc/Eval/Exp5/Exp3": 0.78, "Acc/Eval/Exp5/Exp4": 0.586, "Acc/Eval/Exp5/Exp5": 0.844, "Acc/Eval/Exp5": 0.826875, "Acc/Epoch0/Train/Exp6": 0.96, "Acc/Epoch1/Train/Exp6": 0.96, "Acc/Epoch2/Train/Exp6": 0.96, "Acc/Epoch3/Train/Exp6": 0.96, "Acc/Epoch4/Train/Exp6": 1.0, "Acc/Eval/Exp6/Exp1": 0.8608333333333333, "Acc/Eval/Exp6/Exp2": 0.666, "Acc/Eval/Exp6/Exp3": 0.774, "Acc/Eval/Exp6/Exp4": 0.586, "Acc/Eval/Exp6/Exp5": 0.844, "Acc/Eval/Exp6/Exp6": 0.814, "Acc/Eval/Exp6": 0.8243529411764706, "Acc/Epoch0/Train/Exp7": 0.96, "Acc/Epoch1/Train/Exp7": 0.96, "Acc/Epoch2/Train/Exp7": 0.96, "Acc/Epoch3/Train/Exp7": 0.96, "Acc/Epoch4/Train/Exp7": 0.96, "Acc/Eval/Exp7/Exp1": 0.8535, "Acc/Eval/Exp7/Exp2": 0.654, "Acc/Eval/Exp7/Exp3": 0.766, "Acc/Eval/Exp7/Exp4": 0.594, "Acc/Eval/Exp7/Exp5": 0.844, "Acc/Eval/Exp7/Exp6": 0.812, "Acc/Eval/Exp7/Exp7": 0.89, "Acc/Eval/Exp7": 0.8223333333333334, "Acc/Epoch0/Train/Exp8": 0.92, "Acc/Epoch1/Train/Exp8": 0.96, "Acc/Epoch2/Train/Exp8": 0.96, "Acc/Epoch3/Train/Exp8": 1.0, "Acc/Epoch4/Train/Exp8": 1.0, "Acc/Eval/Exp8/Exp1": 0.852, "Acc/Eval/Exp8/Exp2": 0.644, "Acc/Eval/Exp8/Exp3": 0.768, "Acc/Eval/Exp8/Exp4": 0.596, "Acc/Eval/Exp8/Exp5": 0.84, "Acc/Eval/Exp8/Exp6": 0.788, "Acc/Eval/Exp8/Exp7": 0.886, "Acc/Eval/Exp8/Exp8": 0.766, "Acc/Eval/Exp8": 0.8164210526315789, "Acc/Epoch0/Train/Exp9": 1.0, "Acc/Epoch1/Train/Exp9": 1.0, "Acc/Epoch2/Train/Exp9": 1.0, "Acc/Epoch3/Train/Exp9": 1.0, "Acc/Epoch4/Train/Exp9": 1.0, "Acc/Eval/Exp9/Exp1": 0.8475, "Acc/Eval/Exp9/Exp2": 0.644, "Acc/Eval/Exp9/Exp3": 0.762, "Acc/Eval/Exp9/Exp4": 0.588, "Acc/Eval/Exp9/Exp5": 0.81, "Acc/Eval/Exp9/Exp6": 0.788, "Acc/Eval/Exp9/Exp7": 0.884, "Acc/Eval/Exp9/Exp8": 0.764, "Acc/Eval/Exp9/Exp9": 0.708, "Acc/Eval/Exp9": 0.8059, "AvgAcc": 0.8331388888888889}, "Forgetting": {"Forgetting/Eval/Exp2/Exp1": 0.005666666666666709, "Forgetting/Eval/Exp2": 0.005666666666666709, "Forgetting/Eval/Exp3/Exp1": 0.012500000000000067,