{"Loss": {"Loss/Epoch0/Train/Exp1": 0.4988172249794006, "Loss/Epoch1/Train/Exp1": 0.4025907408396403, "Loss/Epoch2/Train/Exp1": 0.35659995958805085, "Loss/Epoch3/Train/Exp1": 0.32562346328596276, "Loss/Epoch4/Train/Exp1": 0.2997375576257706, "Loss/Epoch5/Train/Exp1": 0.2826943833728631, "Loss/Epoch6/Train/Exp1": 0.2672348616421223, "Loss/Epoch7/Train/Exp1": 0.2540222118059794, "Loss/Eval/Exp1/Exp1": 0.36179432974259057, "Loss/Eval/Exp1": 0.36179432974259057, "Loss/Epoch0/Train/Exp2": 0.6033170548081398, "Loss/Epoch1/Train/Exp2": 0.5227109867334366, "Loss/Epoch2/Train/Exp2": 0.3994562374835368, "Loss/Epoch3/Train/Exp2": 0.2991283539310098, "Loss/Epoch4/Train/Exp2": 0.23161537792517264, "Loss/Eval/Exp2/Exp1": 0.3782330612540245, "Loss/Eval/Exp2/Exp2": 0.9604501132965088, "Loss/Eval/Exp2": 0.6693415872752666, "Loss/Epoch0/Train/Exp3": 0.09146499240538106, "Loss/Epoch1/Train/Exp3": 0.09039532983486424, "Loss/Epoch2/Train/Exp3": 0.08486399991204963, "Loss/Epoch3/Train/Exp3": 0.08132498714723624, "Loss/Epoch4/Train/Exp3": 0.06807635767152533, "Loss/Eval/Exp3/Exp1": 0.39909272011121116, "Loss/Eval/Exp3/Exp2": 1.1073011226654053, "Loss/Eval/Exp3/Exp3": 0.6496431543827057, "Loss/Eval/Exp3": 0.7186789990531074, "Loss/Epoch0/Train/Exp4": 0.013722183607787883, "Loss/Epoch1/Train/Exp4": 0.01313200572389178, "Loss/Epoch2/Train/Exp4": 0.012755342293239665, "Loss/Epoch3/Train/Exp4": 0.010194218668621033, "Loss/Epoch4/Train/Exp4": 0.007487894141231664, "Loss/Eval/Exp4/Exp1": 0.42280163113276165, "Loss/Eval/Exp4/Exp2": 1.1773947305679322, "Loss/Eval/Exp4/Exp3": 0.7317530162334442, "Loss/Eval/Exp4/Exp4": 1.0918002681732177, "Loss/Eval/Exp4": 0.855937411526839, "Loss/Epoch0/Train/Exp5": 0.033623002834501675, "Loss/Epoch1/Train/Exp5": 0.03319999866187572, "Loss/Epoch2/Train/Exp5": 0.03113738757034298, "Loss/Epoch3/Train/Exp5": 0.028121038923054585, "Loss/Epoch4/Train/Exp5": 0.025038719869044143, "Loss/Eval/Exp5/Exp1": 0.4424607279698054, "Loss/Eval/Exp5/Exp2": 1.2228829793930054, "Loss/Eval/Exp5/Exp3": 0.7617082858085632, "Loss/Eval/Exp5/Exp4": 1.1360403747558594, "Loss/Eval/Exp5/Exp5": 0.5549846435785294, "Loss/Eval/Exp5": 0.8236154023011526, "Loss/Epoch0/Train/Exp6": 0.0029709629679564387, "Loss/Epoch1/Train/Exp6": 0.002953581780284367, "Loss/Epoch2/Train/Exp6": 0.002850709243793972, "Loss/Epoch3/Train/Exp6": 0.0026863705934374593, "Loss/Epoch4/Train/Exp6": 0.0025508611352415755, "Loss/Eval/Exp6/Exp1": 0.4532516641219457, "Loss/Eval/Exp6/Exp2": 1.2510714979171753, "Loss/Eval/Exp6/Exp3": 0.7693912880420685, "Loss/Eval/Exp6/Exp4": 1.137808874130249, "Loss/Eval/Exp6/Exp5": 0.5609550030231476, "Loss/Eval/Exp6/Exp6": 0.6158214290142059, "Loss/Eval/Exp6": 0.7980499593747986, "Loss/Epoch0/Train/Exp7": 0.07427965200272638, "Loss/Epoch1/Train/Exp7": 0.07241354714145927, "Loss/Epoch2/Train/Exp7": 0.06896123183192686, "Loss/Epoch3/Train/Exp7": 0.06078117745822965, "Loss/Epoch4/Train/Exp7": 0.05374626303090281, "Loss/Eval/Exp7/Exp1": 0.4737627112865448, "Loss/Eval/Exp7/Exp2": 1.2568147859573364, "Loss/Eval/Exp7/Exp3": 0.7785434224605561, "Loss/Eval/Exp7/Exp4": 1.137211389541626, "Loss/Eval/Exp7/Exp5": 0.5668986498117446, "Loss/Eval/Exp7/Exp6": 0.6187320721149444, "Loss/Eval/Exp7/Exp7": 0.49934935450553897, "Loss/Eval/Exp7": 0.7616160550968989, "Loss/Epoch0/Train/Exp8": 0.02303256609794971, "Loss/Epoch1/Train/Exp8": 0.022562754624177613, "Loss/Epoch2/Train/Exp8": 0.021335959755515433, "Loss/Epoch3/Train/Exp8": 0.018214172573107135, "Loss/Epoch4/Train/Exp8": 0.015092802541307435, "Loss/Eval/Exp8/Exp1": 0.48568011697133384, "Loss/Eval/Exp8/Exp2": 1.3617881135940553, "Loss/Eval/Exp8/Exp3": 0.7922043268680572, "Loss/Eval/Exp8/Exp4": 1.1829022827148437, "Loss/Eval/Exp8/Exp5": 0.5848410210609436, "Loss/Eval/Exp8/Exp6": 0.6606719613075256, "Loss/Eval/Exp8/Exp7": 0.5147597818374634, "Loss/Eval/Exp8/Exp8": 0.6390057718753814, "Loss/Eval/Exp8": 0.7777316720287005, "Loss/Epoch0/Train/Exp9": 0.0004921950380048656, "Loss/Epoch1/Train/Exp9": 0.0004917172525529168, "Loss/Epoch2/Train/Exp9": 0.0004911251331213861, "Loss/Epoch3/Train/Exp9": 0.0004851130489191746, "Loss/Epoch4/Train/Exp9": 0.00048054260834078376, "Loss/Eval/Exp9/Exp1": 0.5061184626420339, "Loss/Eval/Exp9/Exp2": 1.3710458717346192, "Loss/Eval/Exp9/Exp3": 0.8085765821933746, "Loss/Eval/Exp9/Exp4": 1.2424080467224121, "Loss/Eval/Exp9/Exp5": 0.6653530657291412, "Loss/Eval/Exp9/Exp6": 0.661588207244873, "Loss/Eval/Exp9/Exp7": 0.5306042637825013, "Loss/Eval/Exp9/Exp8": 0.6477619934082032, "Loss/Eval/Exp9/Exp9": 0.8913329012393951, "Loss/Eval/Exp9": 0.813865488299617}, "Acc": {"Acc/Epoch0/Train/Exp1": 0.8462, "Acc/Epoch1/Train/Exp1": 0.8727333333333334, "Acc/Epoch2/Train/Exp1": 0.8849333333333333, "Acc/Epoch3/Train/Exp1": 0.8937666666666667, "Acc/Epoch4/Train/Exp1": 0.9016, "Acc/Epoch5/Train/Exp1": 0.9064333333333333, "Acc/Epoch6/Train/Exp1": 0.9103666666666667, "Acc/Epoch7/Train/Exp1": 0.9160666666666667, "Acc/Eval/Exp1/Exp1": 0.8861666666666667, "Acc/Eval/Exp1": 0.8861666666666667, "Acc/Epoch0/Train/Exp2": 0.88, "Acc/Epoch1/Train/Exp2": 0.88, "Acc/Epoch2/Train/Exp2": 0.92, "Acc/Epoch3/Train/Exp2": 0.96, "Acc/Epoch4/Train/Exp2": 0.96, "Acc/Eval/Exp2/Exp1": 0.8831666666666667, "Acc/Eval/Exp2/Exp2": 0.686, "Acc/Eval/Exp2": 0.868, "Acc/Epoch0/Train/Exp3": 0.92, "Acc/Epoch1/Train/Exp3": 0.92, "Acc/Epoch2/Train/Exp3": 0.92, "Acc/Epoch3/Train/Exp3": 0.96, "Acc/Epoch4/Train/Exp3": 1.0, "Acc/Eval/Exp3/Exp1": 0.8765, "Acc/Eval/Exp3/Exp2": 0.648, "Acc/Eval/Exp3/Exp3": 0.8, "Acc/Eval/Exp3": 0.8547142857142858, "Acc/Epoch0/Train/Exp4": 1.0, "Acc/Epoch1/Train/Exp4": 1.0, "Acc/Epoch2/Train/Exp4": 1.0, "Acc/Epoch3/Train/Exp4": 1.0, "Acc/Epoch4/Train/Exp4": 1.0, "Acc/Eval/Exp4/Exp1": 0.869, "Acc/Eval/Exp4/Exp2": 0.63, "Acc/Eval/Exp4/Exp3": 0.772, "Acc/Eval/Exp4/Exp4": 0.642, "Acc/Eval/Exp4": 0.8314666666666667, "Acc/Epoch0/Train/Exp5": 1.0, "Acc/Epoch1/Train/Exp5": 1.0, "Acc/Epoch2/Train/Exp5": 1.0, "Acc/Epoch3/Train/Exp5": 1.0, "Acc/Epoch4/Train/Exp5": 1.0, "Acc/Eval/Exp5/Exp1": 0.864, "Acc/Eval/Exp5/Exp2": 0.624, "Acc/Eval/Exp5/Exp3": 0.766, "Acc/Eval/Exp5/Exp4": 0.64, "Acc/Eval/Exp5/Exp5": 0.844, "Acc/Eval/Exp5": 0.827625, "Acc/Epoch0/Train/Exp6": 1.0, "Acc/Epoch1/Train/Exp6": 1.0, "Acc/Epoch2/Train/Exp6": 1.0, "Acc/Epoch3/Train/Exp6": 1.0, "Acc/Epoch4/Train/Exp6": 1.0, "Acc/Eval/Exp6/Exp1": 0.8616666666666667, "Acc/Eval/Exp6/Exp2": 0.618, "Acc/Eval/Exp6/Exp3": 0.766, "Acc/Eval/Exp6/Exp4": 0.64, "Acc/Eval/Exp6/Exp5": 0.844, "Acc/Eval/Exp6/Exp6": 0.822, "Acc/Eval/Exp6": 0.8252941176470588, "Acc/Epoch0/Train/Exp7": 0.96, "Acc/Epoch1/Train/Exp7": 0.96, "Acc/Epoch2/Train/Exp7": 0.96, "Acc/Epoch3/Train/Exp7": 0.96, "Acc/Epoch4/Train/Exp7": 0.96, "Acc/Eval/Exp7/Exp1": 0.8551666666666666, "Acc/Eval/Exp7/Exp2": 0.612, "Acc/Eval/Exp7/Exp3": 0.76, "Acc/Eval/Exp7/Exp4": 0.64, "Acc/Eval/Exp7/Exp5": 0.844, "Acc/Eval/Exp7/Exp6": 0.822, "Acc/Eval/Exp7/Exp7": 0.85, "Acc/Eval/Exp7": 0.8216666666666667, "Acc/Epoch0/Train/Exp8": 1.0, "Acc/Epoch1/Train/Exp8": 1.0, "Acc/Epoch2/Train/Exp8": 1.0, "Acc/Epoch3/Train/Exp8": 1.0, "Acc/Epoch4/Train/Exp8": 1.0, "Acc/Eval/Exp8/Exp1": 0.8521666666666666, "Acc/Eval/Exp8/Exp2": 0.576, "Acc/Eval/Exp8/Exp3": 0.758, "Acc/Eval/Exp8/Exp4": 0.63, "Acc/Eval/Exp8/Exp5": 0.836, "Acc/Eval/Exp8/Exp6": 0.8, "Acc/Eval/Exp8/Exp7": 0.844, "Acc/Eval/Exp8/Exp8": 0.782, "Acc/Eval/Exp8": 0.8132631578947368, "Acc/Epoch0/Train/Exp9": 1.0, "Acc/Epoch1/Train/Exp9": 1.0, "Acc/Epoch2/Train/Exp9": 1.0, "Acc/Epoch3/Train/Exp9": 1.0, "Acc/Epoch4/Train/Exp9": 1.0, "Acc/Eval/Exp9/Exp1": 0.8458333333333333, "Acc/Eval/Exp9/Exp2": 0.576, "Acc/Eval/Exp9/Exp3": 0.754, "Acc/Eval/Exp9/Exp4": 0.626, "Acc/Eval/Exp9/Exp5": 0.8, "Acc/Eval/Exp9/Exp6": 0.8, "Acc/Eval/Exp9/Exp7": 0.842, "Acc/Eval/Exp9/Exp8": 0.782, "Acc/Eval/Exp9/Exp9": 0.722, "Acc/Eval/Exp9": 0.8026, "AvgAcc": 0.8327916666666667}, "Forgetting": {"Forgetting/Eval/Exp2/Exp1": 0.0030000000000000027, "Forgetting/Eval/Exp2": 0.0030000000000000027, "Forgetting/Eval/Exp3/Exp1": 0.009666666666666712,