{"Loss": {"Loss/Epoch0/Train/Exp1": 0.5103547850807508, "Loss/Epoch1/Train/Exp1": 0.4195826355497042, "Loss/Epoch2/Train/Exp1": 0.376902832531929, "Loss/Epoch3/Train/Exp1": 0.3499856375157833, "Loss/Epoch4/Train/Exp1": 0.32741659305691717, "Loss/Epoch5/Train/Exp1": 0.31020933809280393, "Loss/Epoch6/Train/Exp1": 0.29354543229341507, "Loss/Epoch7/Train/Exp1": 0.2822175549507141, "Loss/Eval/Exp1/Exp1": 0.34749311391512555, "Loss/Eval/Exp1": 0.34749311391512555, "Loss/Epoch0/Train/Exp2": 0.3329501671344042, "Loss/Epoch1/Train/Exp2": 0.3257370760664344, "Loss/Epoch2/Train/Exp2": 0.3104103714041412, "Loss/Epoch3/Train/Exp2": 0.28085650003980844, "Loss/Epoch4/Train/Exp2": 0.2367856969824061, "Loss/Eval/Exp2/Exp1": 0.36790348843733467, "Loss/Eval/Exp2/Exp2": 1.0438716106414796, "Loss/Eval/Exp2": 0.7058875495394071, "Loss/Epoch0/Train/Exp3": 0.14242049882770516, "Loss/Epoch1/Train/Exp3": 0.13923249172512442, "Loss/Epoch2/Train/Exp3": 0.12338623140451091, "Loss/Epoch3/Train/Exp3": 0.1123976073396625, "Loss/Epoch4/Train/Exp3": 0.07991441750898957, "Loss/Eval/Exp3/Exp1": 0.3873912464380264, "Loss/Eval/Exp3/Exp2": 1.1660900526046754, "Loss/Eval/Exp3/Exp3": 0.7123827419281006, "Loss/Eval/Exp3": 0.7552880136569341, "Loss/Epoch0/Train/Exp4": 0.05016997489874484, "Loss/Epoch1/Train/Exp4": 0.0469815739189653, "Loss/Epoch2/Train/Exp4": 0.04496083097008523, "Loss/Epoch3/Train/Exp4": 0.03073817111668177, "Loss/Epoch4/Train/Exp4": 0.016482478440739214, "Loss/Eval/Exp4/Exp1": 0.4094644717971484, "Loss/Eval/Exp4/Exp2": 1.2465355968475342, "Loss/Eval/Exp4/Exp3": 0.8204478542804718, "Loss/Eval/Exp4/Exp4": 1.099758394241333, "Loss/Eval/Exp4": 0.8940515792916218, "Loss/Epoch0/Train/Exp5": 0.06776513170087128, "Loss/Epoch1/Train/Exp5": 0.06634757741354406, "Loss/Epoch2/Train/Exp5": 0.06332831509702373, "Loss/Epoch3/Train/Exp5": 0.05584549474238884, "Loss/Epoch4/Train/Exp5": 0.04866045879596641, "Loss/Eval/Exp5/Exp1": 0.4263048835794131, "Loss/Eval/Exp5/Exp2": 1.2926837348937987, "Loss/Eval/Exp5/Exp3": 0.8546531448364257, "Loss/Eval/Exp5/Exp4": 1.1288620147705077, "Loss/Eval/Exp5/Exp5": 0.5672656660079956, "Loss/Eval/Exp5": 0.8539538888176281, "Loss/Epoch0/Train/Exp6": 0.005972322415327653, "Loss/Epoch1/Train/Exp6": 0.005932062670469804, "Loss/Epoch2/Train/Exp6": 0.005698563582263887, "Loss/Epoch3/Train/Exp6": 0.005325851334491745, "Loss/Epoch4/Train/Exp6": 0.005015377030558738, "Loss/Eval/Exp6/Exp1": 0.4366837696035703, "Loss/Eval/Exp6/Exp2": 1.33116362285614, "Loss/Eval/Exp6/Exp3": 0.8606471109390259, "Loss/Eval/Exp6/Exp4": 1.134607883453369, "Loss/Eval/Exp6/Exp5": 0.569973984003067, "Loss/Eval/Exp6/Exp6": 0.6646897597312927, "Loss/Eval/Exp6": 0.8329610217644109, "Loss/Epoch0/Train/Exp7": 0.15915500698139112, "Loss/Epoch1/Train/Exp7": 0.15583601512576023, "Loss/Epoch2/Train/Exp7": 0.14868913585611154, "Loss/Epoch3/Train/Exp7": 0.1320506754665985, "Loss/Epoch4/Train/Exp7": 0.11768970144881678, "Loss/Eval/Exp7/Exp1": 0.4627811717391014, "Loss/Eval/Exp7/Exp2": 1.3330621337890625, "Loss/Eval/Exp7/Exp3": 0.8792485585212707, "Loss/Eval/Exp7/Exp4": 1.1322253952026367, "Loss/Eval/Exp7/Exp5": 0.5751423571109772, "Loss/Eval/Exp7/Exp6": 0.6655127382278443, "Loss/Eval/Exp7/Exp7": 0.35103914999961855, "Loss/Eval/Exp7": 0.7712873577986442, "Loss/Epoch0/Train/Exp8": 0.03442538690680493, "Loss/Epoch1/Train/Exp8": 0.034003797684563325, "Loss/Epoch2/Train/Exp8": 0.03242244213002323, "Loss/Epoch3/Train/Exp8": 0.029277717453633157, "Loss/Epoch4/Train/Exp8": 0.025407343259894334, "Loss/Eval/Exp8/Exp1": 0.48021281623840334, "Loss/Eval/Exp8/Exp2": 1.5675541133880615, "Loss/Eval/Exp8/Exp3": 0.9012903275489808, "Loss/Eval/Exp8/Exp4": 1.2262110767364502, "Loss/Eval/Exp8/Exp5": 0.5959921035766601, "Loss/Eval/Exp8/Exp6": 0.7798072519302368, "Loss/Eval/Exp8/Exp7": 0.3640261882543564, "Loss/Eval/Exp8/Exp8": 0.7386256227493286, "Loss/Eval/Exp8": 0.8317149375528097, "Loss/Epoch0/Train/Exp9": 0.0011373427510261535, "Loss/Epoch1/Train/Exp9": 0.0011364022066118196, "Loss/Epoch2/Train/Exp9": 0.001134674583154265, "Loss/Epoch3/Train/Exp9": 0.0011245754067931556, "Loss/Epoch4/Train/Exp9": 0.001116555817709468, "Loss/Eval/Exp9/Exp1": 0.5004504603942236, "Loss/Eval/Exp9/Exp2": 1.5721155490875245, "Loss/Eval/Exp9/Exp3": 0.922638445854187, "Loss/Eval/Exp9/Exp4": 1.2719476623535155, "Loss/Eval/Exp9/Exp5": 0.6526795394420624, "Loss/Eval/Exp9/Exp6": 0.781782485961914, "Loss/Eval/Exp9/Exp7": 0.38265758061408994, "Loss/Eval/Exp9/Exp8": 0.7474705123901367, "Loss/Eval/Exp9/Exp9": 0.8817842781543732, "Loss/Eval/Exp9": 0.8570585015835586}, "Acc": {"Acc/Epoch0/Train/Exp1": 0.8441, "Acc/Epoch1/Train/Exp1": 0.8666333333333334, "Acc/Epoch2/Train/Exp1": 0.8791, "Acc/Epoch3/Train/Exp1": 0.8860666666666667, "Acc/Epoch4/Train/Exp1": 0.8942333333333333, "Acc/Epoch5/Train/Exp1": 0.8987333333333334, "Acc/Epoch6/Train/Exp1": 0.9022333333333333, "Acc/Epoch7/Train/Exp1": 0.9068666666666667, "Acc/Eval/Exp1/Exp1": 0.8903333333333333, "Acc/Eval/Exp1": 0.8903333333333333, "Acc/Epoch0/Train/Exp2": 0.96, "Acc/Epoch1/Train/Exp2": 0.96, "Acc/Epoch2/Train/Exp2": 0.96, "Acc/Epoch3/Train/Exp2": 0.96, "Acc/Epoch4/Train/Exp2": 0.96, "Acc/Eval/Exp2/Exp1": 0.8858333333333334, "Acc/Eval/Exp2/Exp2": 0.718, "Acc/Eval/Exp2": 0.8729230769230769, "Acc/Epoch0/Train/Exp3": 0.92, "Acc/Epoch1/Train/Exp3": 0.92, "Acc/Epoch2/Train/Exp3": 0.92, "Acc/Epoch3/Train/Exp3": 0.92, "Acc/Epoch4/Train/Exp3": 0.96, "Acc/Eval/Exp3/Exp1": 0.881, "Acc/Eval/Exp3/Exp2": 0.696, "Acc/Eval/Exp3/Exp3": 0.796, "Acc/Eval/Exp3": 0.8617142857142858, "Acc/Epoch0/Train/Exp4": 0.96, "Acc/Epoch1/Train/Exp4": 0.96, "Acc/Epoch2/Train/Exp4": 0.96, "Acc/Epoch3/Train/Exp4": 0.96, "Acc/Epoch4/Train/Exp4": 1.0, "Acc/Eval/Exp4/Exp1": 0.8753333333333333, "Acc/Eval/Exp4/Exp2": 0.676, "Acc/Eval/Exp4/Exp3": 0.768, "Acc/Eval/Exp4/Exp4": 0.664, "Acc/Eval/Exp4": 0.8408, "Acc/Epoch0/Train/Exp5": 0.96, "Acc/Epoch1/Train/Exp5": 0.96, "Acc/Epoch2/Train/Exp5": 0.96, "Acc/Epoch3/Train/Exp5": 0.96, "Acc/Epoch4/Train/Exp5": 0.96, "Acc/Eval/Exp5/Exp1": 0.8691666666666666, "Acc/Eval/Exp5/Exp2": 0.672, "Acc/Eval/Exp5/Exp3": 0.758, "Acc/Eval/Exp5/Exp4": 0.664, "Acc/Eval/Exp5/Exp5": 0.852, "Acc/Eval/Exp5": 0.836, "Acc/Epoch0/Train/Exp6": 1.0, "Acc/Epoch1/Train/Exp6": 1.0, "Acc/Epoch2/Train/Exp6": 1.0, "Acc/Epoch3/Train/Exp6": 1.0, "Acc/Epoch4/Train/Exp6": 1.0, "Acc/Eval/Exp6/Exp1": 0.8665, "Acc/Eval/Exp6/Exp2": 0.658, "Acc/Eval/Exp6/Exp3": 0.758, "Acc/Eval/Exp6/Exp4": 0.66, "Acc/Eval/Exp6/Exp5": 0.852, "Acc/Eval/Exp6/Exp6": 0.808, "Acc/Eval/Exp6": 0.8314117647058824, "Acc/Epoch0/Train/Exp7": 0.96, "Acc/Epoch1/Train/Exp7": 0.96, "Acc/Epoch2/Train/Exp7": 0.96, "Acc/Epoch3/Train/Exp7": 0.96, "Acc/Epoch4/Train/Exp7": 0.96, "Acc/Eval/Exp7/Exp1": 0.8588333333333333, "Acc/Eval/Exp7/Exp2": 0.658, "Acc/Eval/Exp7/Exp3": 0.75, "Acc/Eval/Exp7/Exp4": 0.662, "Acc/Eval/Exp7/Exp5": 0.852, "Acc/Eval/Exp7/Exp6": 0.806, "Acc/Eval/Exp7/Exp7": 0.888, "Acc/Eval/Exp7": 0.829, "Acc/Epoch0/Train/Exp8": 1.0, "Acc/Epoch1/Train/Exp8": 1.0, "Acc/Epoch2/Train/Exp8": 1.0, "Acc/Epoch3/Train/Exp8": 1.0, "Acc/Epoch4/Train/Exp8": 1.0, "Acc/Eval/Exp8/Exp1": 0.8565, "Acc/Eval/Exp8/Exp2": 0.578, "Acc/Eval/Exp8/Exp3": 0.75, "Acc/Eval/Exp8/Exp4": 0.636, "Acc/Eval/Exp8/Exp5": 0.848, "Acc/Eval/Exp8/Exp6": 0.772, "Acc/Eval/Exp8/Exp7": 0.884, "Acc/Eval/Exp8/Exp8": 0.79, "Acc/Eval/Exp8": 0.8176842105263158, "Acc/Epoch0/Train/Exp9": 1.0, "Acc/Epoch1/Train/Exp9": 1.0, "Acc/Epoch2/Train/Exp9": 1.0, "Acc/Epoch3/Train/Exp9": 1.0, "Acc/Epoch4/Train/Exp9": 1.0, "Acc/Eval/Exp9/Exp1": 0.8515, "Acc/Eval/Exp9/Exp2": 0.578, "Acc/Eval/Exp9/Exp3": 0.742, "Acc/Eval/Exp9/Exp4": 0.632, "Acc/Eval/Exp9/Exp5": 0.828, "Acc/Eval/Exp9/Exp6": 0.772, "Acc/Eval/Exp9/Exp7": 0.88, "Acc/Eval/Exp9/Exp8": 0.79, "Acc/Eval/Exp9/Exp9": 0.73, "Acc/Eval/Exp9": 0.8085, "AvgAcc": 0.8392083333333333}, "Forgetting": {"Forgetting/Eval/Exp2/Exp1": 0.0044999999999999485, "Forgetting/Eval/Exp2": 0.0044999999999999485, "Forgetting/Eval/Exp3/Exp1": 0.009333333333333305,