{"Loss": {"Loss/Epoch0/Train/Exp1": 0.48748167605400083, "Loss/Epoch1/Train/Exp1": 0.40216172808011375, "Loss/Epoch2/Train/Exp1": 0.3583918974240621, "Loss/Epoch3/Train/Exp1": 0.3319687501589457, "Loss/Epoch4/Train/Exp1": 0.30942795588970184, "Loss/Epoch5/Train/Exp1": 0.29240175605217616, "Loss/Epoch6/Train/Exp1": 0.27736880440711975, "Loss/Epoch7/Train/Exp1": 0.2646620540539424, "Loss/Eval/Exp1/Exp1": 0.35449008764823275, "Loss/Eval/Exp1": 0.35449008764823275, "Loss/Epoch0/Train/Exp2": 0.40684090174734594, "Loss/Epoch1/Train/Exp2": 0.39777829686179755, "Loss/Epoch2/Train/Exp2": 0.3650659525068477, "Loss/Epoch3/Train/Exp2": 0.3139964522747323, "Loss/Epoch4/Train/Exp2": 0.23560309752821923, "Loss/Eval/Exp2/Exp1": 0.3677984416484833, "Loss/Eval/Exp2/Exp2": 1.0624197063446046, "Loss/Eval/Exp2": 0.715109073996544, "Loss/Epoch0/Train/Exp3": 0.08908097647028626, "Loss/Epoch1/Train/Exp3": 0.08459833975561196, "Loss/Epoch2/Train/Exp3": 0.07360489289465477, "Loss/Epoch3/Train/Exp3": 0.05723350551095791, "Loss/Epoch4/Train/Exp3": 0.04130287433043122, "Loss/Eval/Exp3/Exp1": 0.38350440514087675, "Loss/Eval/Exp3/Exp2": 1.1670332050323486, "Loss/Eval/Exp3/Exp3": 0.7482109045982361, "Loss/Eval/Exp3": 0.7662495049238206, "Loss/Epoch0/Train/Exp4": 0.003805838173138909, "Loss/Epoch1/Train/Exp4": 0.003802353636983753, "Loss/Epoch2/Train/Exp4": 0.0037865017415606417, "Loss/Epoch3/Train/Exp4": 0.003758304382208735, "Loss/Epoch4/Train/Exp4": 0.0037093785835895688, "Loss/Eval/Exp4/Exp1": 0.39766693298021955, "Loss/Eval/Exp4/Exp2": 1.2668692893981934, "Loss/Eval/Exp4/Exp3": 0.8166492943763732, "Loss/Eval/Exp4/Exp4": 1.3555762424468993, "Loss/Eval/Exp4": 0.9591904398004214, "Loss/Epoch0/Train/Exp5": 0.08922055074177479, "Loss/Epoch1/Train/Exp5": 0.0872325998917222, "Loss/Epoch2/Train/Exp5": 0.08160129652125761, "Loss/Epoch3/Train/Exp5": 0.06967895976500586, "Loss/Epoch4/Train/Exp5": 0.058742357049941345, "Loss/Eval/Exp5/Exp1": 0.4158318318128586, "Loss/Eval/Exp5/Exp2": 1.3189596538543702, "Loss/Eval/Exp5/Exp3": 0.8454698491096496, "Loss/Eval/Exp5/Exp4": 1.3847492122650147, "Loss/Eval/Exp5/Exp5": 0.5906025927066803, "Loss/Eval/Exp5": 0.9111226279497145, "Loss/Epoch0/Train/Exp6": 0.018594937731613755, "Loss/Epoch1/Train/Exp6": 0.018271077207172935, "Loss/Epoch2/Train/Exp6": 0.016429520679957933, "Loss/Epoch3/Train/Exp6": 0.013813275871507357, "Loss/Epoch4/Train/Exp6": 0.011967798907353427, "Loss/Eval/Exp6/Exp1": 0.42575821741422015, "Loss/Eval/Exp6/Exp2": 1.3522262420654296, "Loss/Eval/Exp6/Exp3": 0.8536335597038269, "Loss/Eval/Exp6/Exp4": 1.3841235656738282, "Loss/Eval/Exp6/Exp5": 0.5938000540733337, "Loss/Eval/Exp6/Exp6": 0.6608139028549195, "Loss/Eval/Exp6": 0.878392590297593, "Loss/Epoch0/Train/Exp7": 0.11053881270714555, "Loss/Epoch1/Train/Exp7": 0.10808203633160701, "Loss/Epoch2/Train/Exp7": 0.10342831945978105, "Loss/Epoch3/Train/Exp7": 0.09247031166050874, "Loss/Epoch4/Train/Exp7": 0.08226673761131678, "Loss/Eval/Exp7/Exp1": 0.4459099675814311, "Loss/Eval/Exp7/Exp2": 1.3680151929855346, "Loss/Eval/Exp7/Exp3": 0.871036997795105, "Loss/Eval/Exp7/Exp4": 1.3802668285369872, "Loss/Eval/Exp7/Exp5": 0.5999116430282593, "Loss/Eval/Exp7/Exp6": 0.6617832503318787, "Loss/Eval/Exp7/Exp7": 0.543649109840393, "Loss/Eval/Exp7": 0.8386532842999413, "Loss/Epoch0/Train/Exp8": 0.10110511410886602, "Loss/Epoch1/Train/Exp8": 0.09766534430207685, "Loss/Epoch2/Train/Exp8": 0.08784423110183524, "Loss/Epoch3/Train/Exp8": 0.06730955803554935, "Loss/Epoch4/Train/Exp8": 0.046316793295409296, "Loss/Eval/Exp8/Exp1": 0.457288636803627, "Loss/Eval/Exp8/Exp2": 1.4138888483047485, "Loss/Eval/Exp8/Exp3": 0.8894730105400085, "Loss/Eval/Exp8/Exp4": 1.408138572692871, "Loss/Eval/Exp8/Exp5": 0.6159171419143676, "Loss/Eval/Exp8/Exp6": 0.7117027826309205, "Loss/Eval/Exp8/Exp7": 0.5598398621082306, "Loss/Eval/Exp8/Exp8": 0.8703798341751099, "Loss/Eval/Exp8": 0.8658285861462355, "Loss/Epoch0/Train/Exp9": 0.0008266145489324117, "Loss/Epoch1/Train/Exp9": 0.0008255286554049234, "Loss/Epoch2/Train/Exp9": 0.0008240277754339332, "Loss/Epoch3/Train/Exp9": 0.0008111549134991947, "Loss/Epoch4/Train/Exp9": 0.0008011244516816873, "Loss/Eval/Exp9/Exp1": 0.4746537041266759, "Loss/Eval/Exp9/Exp2": 1.4218444499969483, "Loss/Eval/Exp9/Exp3": 0.9093459548950196, "Loss/Eval/Exp9/Exp4": 1.4356599140167237, "Loss/Eval/Exp9/Exp5": 0.6641683664321899, "Loss/Eval/Exp9/Exp6": 0.7142007999420166, "Loss/Eval/Exp9/Exp7": 0.5740779187679291, "Loss/Eval/Exp9/Exp8": 0.8762576978206634, "Loss/Eval/Exp9/Exp9": 1.0136843209266662, "Loss/Eval/Exp9": 0.8982103474360924}, "Acc": {"Acc/Epoch0/Train/Exp1": 0.8486333333333334, "Acc/Epoch1/Train/Exp1": 0.8726333333333334, "Acc/Epoch2/Train/Exp1": 0.8836333333333334, "Acc/Epoch3/Train/Exp1": 0.8927666666666667, "Acc/Epoch4/Train/Exp1": 0.8984333333333333, "Acc/Epoch5/Train/Exp1": 0.9035666666666666, "Acc/Epoch6/Train/Exp1": 0.9092666666666667, "Acc/Epoch7/Train/Exp1": 0.9129, "Acc/Eval/Exp1/Exp1": 0.8876666666666667, "Acc/Eval/Exp1": 0.8876666666666667, "Acc/Epoch0/Train/Exp2": 0.88, "Acc/Epoch1/Train/Exp2": 0.88, "Acc/Epoch2/Train/Exp2": 0.92, "Acc/Epoch3/Train/Exp2": 0.92, "Acc/Epoch4/Train/Exp2": 0.92, "Acc/Eval/Exp2/Exp1": 0.887, "Acc/Eval/Exp2/Exp2": 0.696, "Acc/Eval/Exp2": 0.8723076923076923, "Acc/Epoch0/Train/Exp3": 0.96, "Acc/Epoch1/Train/Exp3": 0.96, "Acc/Epoch2/Train/Exp3": 1.0, "Acc/Epoch3/Train/Exp3": 1.0, "Acc/Epoch4/Train/Exp3": 1.0, "Acc/Eval/Exp3/Exp1": 0.8825, "Acc/Eval/Exp3/Exp2": 0.66, "Acc/Eval/Exp3/Exp3": 0.816, "Acc/Eval/Exp3": 0.8618571428571429, "Acc/Epoch0/Train/Exp4": 1.0, "Acc/Epoch1/Train/Exp4": 1.0, "Acc/Epoch2/Train/Exp4": 1.0, "Acc/Epoch3/Train/Exp4": 1.0, "Acc/Epoch4/Train/Exp4": 1.0, "Acc/Eval/Exp4/Exp1": 0.8783333333333333, "Acc/Eval/Exp4/Exp2": 0.636, "Acc/Eval/Exp4/Exp3": 0.788, "Acc/Eval/Exp4/Exp4": 0.586, "Acc/Eval/Exp4": 0.8366666666666667, "Acc/Epoch0/Train/Exp5": 0.96, "Acc/Epoch1/Train/Exp5": 0.96, "Acc/Epoch2/Train/Exp5": 0.96, "Acc/Epoch3/Train/Exp5": 0.96, "Acc/Epoch4/Train/Exp5": 0.96, "Acc/Eval/Exp5/Exp1": 0.8743333333333333, "Acc/Eval/Exp5/Exp2": 0.616, "Acc/Eval/Exp5/Exp3": 0.782, "Acc/Eval/Exp5/Exp4": 0.586, "Acc/Eval/Exp5/Exp5": 0.842, "Acc/Eval/Exp5": 0.832375, "Acc/Epoch0/Train/Exp6": 1.0, "Acc/Epoch1/Train/Exp6": 1.0, "Acc/Epoch2/Train/Exp6": 1.0, "Acc/Epoch3/Train/Exp6": 1.0, "Acc/Epoch4/Train/Exp6": 1.0, "Acc/Eval/Exp6/Exp1": 0.8713333333333333, "Acc/Eval/Exp6/Exp2": 0.606, "Acc/Eval/Exp6/Exp3": 0.782, "Acc/Eval/Exp6/Exp4": 0.586, "Acc/Eval/Exp6/Exp5": 0.846, "Acc/Eval/Exp6/Exp6": 0.814, "Acc/Eval/Exp6": 0.8288235294117647, "Acc/Epoch0/Train/Exp7": 0.96, "Acc/Epoch1/Train/Exp7": 0.96, "Acc/Epoch2/Train/Exp7": 0.96, "Acc/Epoch3/Train/Exp7": 0.96, "Acc/Epoch4/Train/Exp7": 0.96, "Acc/Eval/Exp7/Exp1": 0.8668333333333333, "Acc/Eval/Exp7/Exp2": 0.608, "Acc/Eval/Exp7/Exp3": 0.772, "Acc/Eval/Exp7/Exp4": 0.582, "Acc/Eval/Exp7/Exp5": 0.836, "Acc/Eval/Exp7/Exp6": 0.814, "Acc/Eval/Exp7/Exp7": 0.84, "Acc/Eval/Exp7": 0.8252222222222222, "Acc/Epoch0/Train/Exp8": 0.92, "Acc/Epoch1/Train/Exp8": 0.92, "Acc/Epoch2/Train/Exp8": 0.92, "Acc/Epoch3/Train/Exp8": 0.92, "Acc/Epoch4/Train/Exp8": 1.0, "Acc/Eval/Exp8/Exp1": 0.8636666666666667, "Acc/Eval/Exp8/Exp2": 0.588, "Acc/Eval/Exp8/Exp3": 0.766, "Acc/Eval/Exp8/Exp4": 0.58, "Acc/Eval/Exp8/Exp5": 0.836, "Acc/Eval/Exp8/Exp6": 0.8, "Acc/Eval/Exp8/Exp7": 0.832, "Acc/Eval/Exp8/Exp8": 0.758, "Acc/Eval/Exp8": 0.8170526315789474, "Acc/Epoch0/Train/Exp9": 1.0, "Acc/Epoch1/Train/Exp9": 1.0, "Acc/Epoch2/Train/Exp9": 1.0, "Acc/Epoch3/Train/Exp9": 1.0, "Acc/Epoch4/Train/Exp9": 1.0, "Acc/Eval/Exp9/Exp1": 0.8588333333333333, "Acc/Eval/Exp9/Exp2": 0.588, "Acc/Eval/Exp9/Exp3": 0.766, "Acc/Eval/Exp9/Exp4": 0.576, "Acc/Eval/Exp9/Exp5": 0.82, "Acc/Eval/Exp9/Exp6": 0.8, "Acc/Eval/Exp9/Exp7": 0.83, "Acc/Eval/Exp9/Exp8": 0.758, "Acc/Eval/Exp9/Exp9": 0.68, "Acc/Eval/Exp9": 0.8062, "AvgAcc": 0.8369305555555555}, "Forgetting": {"Forgetting/Eval/Exp2/Exp1": 0.0006666666666667043, "Forgetting/Eval/Exp2": 0.0006666666666667043,