{"Loss": {"Loss/Epoch0/Train/Exp1": 0.4814248879909515, "Loss/Epoch1/Train/Exp1": 0.3965288362701734, "Loss/Epoch2/Train/Exp1": 0.3514602399547895, "Loss/Epoch3/Train/Exp1": 0.323019031671683, "Loss/Epoch4/Train/Exp1": 0.3019320157090823, "Loss/Epoch5/Train/Exp1": 0.28721517871816954, "Loss/Epoch6/Train/Exp1": 0.27321187858184176, "Loss/Epoch7/Train/Exp1": 0.2608431514441967, "Loss/Eval/Exp1/Exp1": 0.3499365661541621, "Loss/Eval/Exp1": 0.3499365661541621, "Loss/Epoch0/Train/Exp2": 0.3667141488194466, "Loss/Epoch1/Train/Exp2": 0.3596735604852438, "Loss/Epoch2/Train/Exp2": 0.3418724948680028, "Loss/Epoch3/Train/Exp2": 0.3109344339556992, "Loss/Epoch4/Train/Exp2": 0.2639706803113222, "Loss/Eval/Exp2/Exp1": 0.37282882622877755, "Loss/Eval/Exp2/Exp2": 0.9689021062850952, "Loss/Eval/Exp2": 0.6708654662569364, "Loss/Epoch0/Train/Exp3": 0.13842843926046045, "Loss/Epoch1/Train/Exp3": 0.1373264746474524, "Loss/Epoch2/Train/Exp3": 0.13166268253087765, "Loss/Epoch3/Train/Exp3": 0.12836783799459225, "Loss/Epoch4/Train/Exp3": 0.11291727362666279, "Loss/Eval/Exp3/Exp1": 0.39191274519761404, "Loss/Eval/Exp3/Exp2": 1.112134672164917, "Loss/Eval/Exp3/Exp3": 0.6932266821861267, "Loss/Eval/Exp3": 0.7324246998495526, "Loss/Epoch0/Train/Exp4": 0.004807065686036367, "Loss/Epoch1/Train/Exp4": 0.004797193387857988, "Loss/Epoch2/Train/Exp4": 0.004782161987968721, "Loss/Epoch3/Train/Exp4": 0.004725329148350284, "Loss/Epoch4/Train/Exp4": 0.0046529026911593975, "Loss/Eval/Exp4/Exp1": 0.4107652543783188, "Loss/Eval/Exp4/Exp2": 1.2007418584823608, "Loss/Eval/Exp4/Exp3": 0.775373565196991, "Loss/Eval/Exp4/Exp4": 1.125973424911499, "Loss/Eval/Exp4": 0.8782135257422924, "Loss/Epoch0/Train/Exp5": 0.021537343771778978, "Loss/Epoch1/Train/Exp5": 0.02110353945870884, "Loss/Epoch2/Train/Exp5": 0.01922893234041112, "Loss/Epoch3/Train/Exp5": 0.01580310249737522, "Loss/Epoch4/Train/Exp5": 0.013348665364883345, "Loss/Eval/Exp5/Exp1": 0.42734106759230295, "Loss/Eval/Exp5/Exp2": 1.2266896677017212, "Loss/Eval/Exp5/Exp3": 0.7977544205188751, "Loss/Eval/Exp5/Exp4": 1.1519154510498046, "Loss/Eval/Exp5/Exp5": 0.5380343415737152, "Loss/Eval/Exp5": 0.8283469896872837, "Loss/Epoch0/Train/Exp6": 0.0030405638325828478, "Loss/Epoch1/Train/Exp6": 0.0030289705019049505, "Loss/Epoch2/Train/Exp6": 0.002960545410569466, "Loss/Epoch3/Train/Exp6": 0.002848322809077217, "Loss/Epoch4/Train/Exp6": 0.002750430032974691, "Loss/Eval/Exp6/Exp1": 0.4368729641834895, "Loss/Eval/Exp6/Exp2": 1.2509441804885864, "Loss/Eval/Exp6/Exp3": 0.805285619020462, "Loss/Eval/Exp6/Exp4": 1.1539487762451173, "Loss/Eval/Exp6/Exp5": 0.5424311742782593, "Loss/Eval/Exp6/Exp6": 0.646718731880188, "Loss/Eval/Exp6": 0.8060335743493505, "Loss/Epoch0/Train/Exp7": 0.10559694391552511, "Loss/Epoch1/Train/Exp7": 0.10287347535988374, "Loss/Epoch2/Train/Exp7": 0.09767894172458909, "Loss/Epoch3/Train/Exp7": 0.08571403167041353, "Loss/Epoch4/Train/Exp7": 0.07436195280017273, "Loss/Eval/Exp7/Exp1": 0.451694566210111, "Loss/Eval/Exp7/Exp2": 1.2578273210525512, "Loss/Eval/Exp7/Exp3": 0.8087541618347168, "Loss/Eval/Exp7/Exp4": 1.148964937210083, "Loss/Eval/Exp7/Exp5": 0.5433668353557587, "Loss/Eval/Exp7/Exp6": 0.6462524175643921, "Loss/Eval/Exp7/Exp7": 0.508667418718338, "Loss/Eval/Exp7": 0.7665039511351359, "Loss/Epoch0/Train/Exp8": 0.05184711040737056, "Loss/Epoch1/Train/Exp8": 0.0501236175232043, "Loss/Epoch2/Train/Exp8": 0.0457469316762581, "Loss/Epoch3/Train/Exp8": 0.034704266650860516, "Loss/Epoch4/Train/Exp8": 0.025078618512325193, "Loss/Eval/Exp8/Exp1": 0.4648814440568288, "Loss/Eval/Exp8/Exp2": 1.3498185939788818, "Loss/Eval/Exp8/Exp3": 0.8397283790111542, "Loss/Eval/Exp8/Exp4": 1.2015301303863526, "Loss/Eval/Exp8/Exp5": 0.5589942245483398, "Loss/Eval/Exp8/Exp6": 0.7105749626159668, "Loss/Eval/Exp8/Exp7": 0.5202720704078674, "Loss/Eval/Exp8/Exp8": 0.7425307841300964, "Loss/Eval/Exp8": 0.798541323641936, "Loss/Epoch0/Train/Exp9": 0.0006155770202894928, "Loss/Epoch1/Train/Exp9": 0.0006152028744691051, "Loss/Epoch2/Train/Exp9": 0.0006145397682848852, "Loss/Epoch3/Train/Exp9": 0.0006112715092785947, "Loss/Epoch4/Train/Exp9": 0.0006083537457740818, "Loss/Eval/Exp9/Exp1": 0.48258448247114816, "Loss/Eval/Exp9/Exp2": 1.3524037590026856, "Loss/Eval/Exp9/Exp3": 0.8543399372100831, "Loss/Eval/Exp9/Exp4": 1.2413953094482422, "Loss/Eval/Exp9/Exp5": 0.5966593344211578, "Loss/Eval/Exp9/Exp6": 0.712744143486023, "Loss/Eval/Exp9/Exp7": 0.5406456553936004, "Loss/Eval/Exp9/Exp8": 0.7488712620735168, "Loss/Eval/Exp9/Exp9": 1.0005572214126588, "Loss/Eval/Exp9": 0.8366890116576795}, "Acc": {"Acc/Epoch0/Train/Exp1": 0.8499666666666666, "Acc/Epoch1/Train/Exp1": 0.8728, "Acc/Epoch2/Train/Exp1": 0.8864, "Acc/Epoch3/Train/Exp1": 0.8946333333333333, "Acc/Epoch4/Train/Exp1": 0.9001, "Acc/Epoch5/Train/Exp1": 0.9065333333333333, "Acc/Epoch6/Train/Exp1": 0.9100333333333334, "Acc/Epoch7/Train/Exp1": 0.9154333333333333, "Acc/Eval/Exp1/Exp1": 0.8905, "Acc/Eval/Exp1": 0.8905, "Acc/Epoch0/Train/Exp2": 0.92, "Acc/Epoch1/Train/Exp2": 0.92, "Acc/Epoch2/Train/Exp2": 0.92, "Acc/Epoch3/Train/Exp2": 0.92, "Acc/Epoch4/Train/Exp2": 0.92, "Acc/Eval/Exp2/Exp1": 0.8846666666666667, "Acc/Eval/Exp2/Exp2": 0.708, "Acc/Eval/Exp2": 0.8710769230769231, "Acc/Epoch0/Train/Exp3": 0.96, "Acc/Epoch1/Train/Exp3": 0.96, "Acc/Epoch2/Train/Exp3": 0.96, "Acc/Epoch3/Train/Exp3": 0.96, "Acc/Epoch4/Train/Exp3": 0.96, "Acc/Eval/Exp3/Exp1": 0.8806666666666667, "Acc/Eval/Exp3/Exp2": 0.672, "Acc/Eval/Exp3/Exp3": 0.796, "Acc/Eval/Exp3": 0.8597142857142858, "Acc/Epoch0/Train/Exp4": 1.0, "Acc/Epoch1/Train/Exp4": 1.0, "Acc/Epoch2/Train/Exp4": 1.0, "Acc/Epoch3/Train/Exp4": 1.0, "Acc/Epoch4/Train/Exp4": 1.0, "Acc/Eval/Exp4/Exp1": 0.8751666666666666, "Acc/Eval/Exp4/Exp2": 0.652, "Acc/Eval/Exp4/Exp3": 0.764, "Acc/Eval/Exp4/Exp4": 0.626, "Acc/Eval/Exp4": 0.8362666666666667, "Acc/Epoch0/Train/Exp5": 1.0, "Acc/Epoch1/Train/Exp5": 1.0, "Acc/Epoch2/Train/Exp5": 1.0, "Acc/Epoch3/Train/Exp5": 1.0, "Acc/Epoch4/Train/Exp5": 1.0, "Acc/Eval/Exp5/Exp1": 0.87, "Acc/Eval/Exp5/Exp2": 0.646, "Acc/Eval/Exp5/Exp3": 0.762, "Acc/Eval/Exp5/Exp4": 0.616, "Acc/Eval/Exp5/Exp5": 0.866, "Acc/Eval/Exp5": 0.833125, "Acc/Epoch0/Train/Exp6": 1.0, "Acc/Epoch1/Train/Exp6": 1.0, "Acc/Epoch2/Train/Exp6": 1.0, "Acc/Epoch3/Train/Exp6": 1.0, "Acc/Epoch4/Train/Exp6": 1.0, "Acc/Eval/Exp6/Exp1": 0.868, "Acc/Eval/Exp6/Exp2": 0.64, "Acc/Eval/Exp6/Exp3": 0.758, "Acc/Eval/Exp6/Exp4": 0.618, "Acc/Eval/Exp6/Exp5": 0.866, "Acc/Eval/Exp6/Exp6": 0.818, "Acc/Eval/Exp6": 0.8303529411764706, "Acc/Epoch0/Train/Exp7": 0.96, "Acc/Epoch1/Train/Exp7": 0.96, "Acc/Epoch2/Train/Exp7": 0.96, "Acc/Epoch3/Train/Exp7": 0.96, "Acc/Epoch4/Train/Exp7": 0.96, "Acc/Eval/Exp7/Exp1": 0.863, "Acc/Eval/Exp7/Exp2": 0.634, "Acc/Eval/Exp7/Exp3": 0.764, "Acc/Eval/Exp7/Exp4": 0.624, "Acc/Eval/Exp7/Exp5": 0.86, "Acc/Eval/Exp7/Exp6": 0.816, "Acc/Eval/Exp7/Exp7": 0.848, "Acc/Eval/Exp7": 0.8278888888888889, "Acc/Epoch0/Train/Exp8": 0.96, "Acc/Epoch1/Train/Exp8": 0.96, "Acc/Epoch2/Train/Exp8": 0.96, "Acc/Epoch3/Train/Exp8": 1.0, "Acc/Epoch4/Train/Exp8": 1.0, "Acc/Eval/Exp8/Exp1": 0.8603333333333333, "Acc/Eval/Exp8/Exp2": 0.608, "Acc/Eval/Exp8/Exp3": 0.762, "Acc/Eval/Exp8/Exp4": 0.602, "Acc/Eval/Exp8/Exp5": 0.856, "Acc/Eval/Exp8/Exp6": 0.796, "Acc/Eval/Exp8/Exp7": 0.846, "Acc/Eval/Exp8/Exp8": 0.78, "Acc/Eval/Exp8": 0.8196842105263158, "Acc/Epoch0/Train/Exp9": 1.0, "Acc/Epoch1/Train/Exp9": 1.0, "Acc/Epoch2/Train/Exp9": 1.0, "Acc/Epoch3/Train/Exp9": 1.0, "Acc/Epoch4/Train/Exp9": 1.0, "Acc/Eval/Exp9/Exp1": 0.8558333333333333, "Acc/Eval/Exp9/Exp2": 0.608, "Acc/Eval/Exp9/Exp3": 0.762, "Acc/Eval/Exp9/Exp4": 0.6, "Acc/Eval/Exp9/Exp5": 0.844, "Acc/Eval/Exp9/Exp6": 0.796, "Acc/Eval/Exp9/Exp7": 0.844, "Acc/Eval/Exp9/Exp8": 0.778, "Acc/Eval/Exp9/Exp9": 0.676, "Acc/Eval/Exp9": 0.8089, "AvgAcc": 0.838125}, "Forgetting": {"Forgetting/Eval/Exp2/Exp1": 0.005833333333333246, "Forgetting/Eval/Exp2": 0.005833333333333246, "Forgetting/Eval/Exp3/Exp1": 0.00983333333333325, "Forgetting/Eval/Exp3/Exp2": 0.03599999999999992,