{"Loss": {"Loss/Epoch0/Train/Exp1": 0.4952032051364581, "Loss/Epoch1/Train/Exp1": 0.40678453557689986, "Loss/Epoch2/Train/Exp1": 0.36618154868284863, "Loss/Epoch3/Train/Exp1": 0.3423034337162971, "Loss/Epoch4/Train/Exp1": 0.31889834696451824, "Loss/Epoch5/Train/Exp1": 0.30472242717345555, "Loss/Epoch6/Train/Exp1": 0.2899955883105596, "Loss/Epoch7/Train/Exp1": 0.2751809166709582, "Loss/Eval/Exp1/Exp1": 0.3567367489337921, "Loss/Eval/Exp1": 0.3567367489337921, "Loss/Epoch0/Train/Exp2": 0.3295165626332164, "Loss/Epoch1/Train/Exp2": 0.32464114934206006, "Loss/Epoch2/Train/Exp2": 0.3104800268413965, "Loss/Epoch3/Train/Exp2": 0.28475681887939575, "Loss/Epoch4/Train/Exp2": 0.24757463425397874, "Loss/Eval/Exp2/Exp1": 0.3783591473897298, "Loss/Eval/Exp2/Exp2": 1.1691036577224732, "Loss/Eval/Exp2": 0.7737314025561015, "Loss/Epoch0/Train/Exp3": 0.1955398651852738, "Loss/Epoch1/Train/Exp3": 0.19344145422190195, "Loss/Epoch2/Train/Exp3": 0.18247673472389578, "Loss/Epoch3/Train/Exp3": 0.1760804213397205, "Loss/Epoch4/Train/Exp3": 0.14751172899268566, "Loss/Eval/Exp3/Exp1": 0.3984196193218231, "Loss/Eval/Exp3/Exp2": 1.2788937120437622, "Loss/Eval/Exp3/Exp3": 0.6934399366378784, "Loss/Eval/Exp3": 0.790251089334488, "Loss/Epoch0/Train/Exp4": 0.006238604144891724, "Loss/Epoch1/Train/Exp4": 0.006212322267529089, "Loss/Epoch2/Train/Exp4": 0.006143156128237024, "Loss/Epoch3/Train/Exp4": 0.006020108163356781, "Loss/Epoch4/Train/Exp4": 0.00579911514185369, "Loss/Eval/Exp4/Exp1": 0.41754842897256217, "Loss/Eval/Exp4/Exp2": 1.3638292026519776, "Loss/Eval/Exp4/Exp3": 0.7488365614414215, "Loss/Eval/Exp4/Exp4": 1.3909006061553955, "Loss/Eval/Exp4": 0.9802786998053392, "Loss/Epoch0/Train/Exp5": 0.08295282367034815, "Loss/Epoch1/Train/Exp5": 0.08161010228097439, "Loss/Epoch2/Train/Exp5": 0.0781894702941645, "Loss/Epoch3/Train/Exp5": 0.07095206941012293, "Loss/Epoch4/Train/Exp5": 0.06248091241213842, "Loss/Eval/Exp5/Exp1": 0.4367177714506785, "Loss/Eval/Exp5/Exp2": 1.4009222497940064, "Loss/Eval/Exp5/Exp3": 0.7732387342453003, "Loss/Eval/Exp5/Exp4": 1.4157021141052246, "Loss/Eval/Exp5/Exp5": 0.5640882964134216, "Loss/Eval/Exp5": 0.9181338332017264, "Loss/Epoch0/Train/Exp6": 0.0036416020173783183, "Loss/Epoch1/Train/Exp6": 0.003631883478956297, "Loss/Epoch2/Train/Exp6": 0.0035766281441101454, "Loss/Epoch3/Train/Exp6": 0.003486572463589255, "Loss/Epoch4/Train/Exp6": 0.0034042069445422386, "Loss/Eval/Exp6/Exp1": 0.4485113917191823, "Loss/Eval/Exp6/Exp2": 1.420925998687744, "Loss/Eval/Exp6/Exp3": 0.7813552532196045, "Loss/Eval/Exp6/Exp4": 1.4198203239440919, "Loss/Eval/Exp6/Exp5": 0.5678674898147583, "Loss/Eval/Exp6/Exp6": 0.5928419151306152, "Loss/Eval/Exp6": 0.8718870620859992, "Loss/Epoch0/Train/Exp7": 0.08646154973639568, "Loss/Epoch1/Train/Exp7": 0.08377188004668369, "Loss/Epoch2/Train/Exp7": 0.07727478131186218, "Loss/Epoch3/Train/Exp7": 0.0634670407906924, "Loss/Epoch4/Train/Exp7": 0.05330625865140064, "Loss/Eval/Exp7/Exp1": 0.46716211311022443, "Loss/Eval/Exp7/Exp2": 1.417855097770691, "Loss/Eval/Exp7/Exp3": 0.78861785364151, "Loss/Eval/Exp7/Exp4": 1.4208291187286377, "Loss/Eval/Exp7/Exp5": 0.5748684229850769, "Loss/Eval/Exp7/Exp6": 0.588976167678833, "Loss/Eval/Exp7/Exp7": 0.6137370718717575, "Loss/Eval/Exp7": 0.8388636922552474, "Loss/Epoch0/Train/Exp8": 0.046617643850331375, "Loss/Epoch1/Train/Exp8": 0.044993436441582164, "Loss/Epoch2/Train/Exp8": 0.04106593074950069, "Loss/Epoch3/Train/Exp8": 0.03041511880313692, "Loss/Epoch4/Train/Exp8": 0.02173044848255131, "Loss/Eval/Exp8/Exp1": 0.48116936429341634, "Loss/Eval/Exp8/Exp2": 1.4848439102172852, "Loss/Eval/Exp8/Exp3": 0.8131154479980469, "Loss/Eval/Exp8/Exp4": 1.4631838703155517, "Loss/Eval/Exp8/Exp5": 0.5933562445640564, "Loss/Eval/Exp8/Exp6": 0.6273455185890198, "Loss/Eval/Exp8/Exp7": 0.6236911270618438, "Loss/Eval/Exp8/Exp8": 0.8730474033355713, "Loss/Eval/Exp8": 0.8699691107968488, "Loss/Epoch0/Train/Exp9": 0.0012587495979823871, "Loss/Epoch1/Train/Exp9": 0.0012569270847598091, "Loss/Epoch2/Train/Exp9": 0.0012550185451982543, "Loss/Epoch3/Train/Exp9": 0.001231385493883863, "Loss/Epoch4/Train/Exp9": 0.0012139879597771143, "Loss/Eval/Exp9/Exp1": 0.496977068622907, "Loss/Eval/Exp9/Exp2": 1.4898126182556153, "Loss/Eval/Exp9/Exp3": 0.8327278978824616, "Loss/Eval/Exp9/Exp4": 1.5276668510437013, "Loss/Eval/Exp9/Exp5": 0.6626220579147339, "Loss/Eval/Exp9/Exp6": 0.6295719799995423, "Loss/Eval/Exp9/Exp7": 0.6431839464902878, "Loss/Eval/Exp9/Exp8": 0.8862072749137878, "Loss/Eval/Exp9/Exp9": 1.1146701350212098, "Loss/Eval/Exp9": 0.9203822033493607}, "Acc": {"Acc/Epoch0/Train/Exp1": 0.8460333333333333, "Acc/Epoch1/Train/Exp1": 0.8718666666666667, "Acc/Epoch2/Train/Exp1": 0.8824666666666666, "Acc/Epoch3/Train/Exp1": 0.8874333333333333, "Acc/Epoch4/Train/Exp1": 0.8957, "Acc/Epoch5/Train/Exp1": 0.9004, "Acc/Epoch6/Train/Exp1": 0.9033666666666667, "Acc/Epoch7/Train/Exp1": 0.9089333333333334, "Acc/Eval/Exp1/Exp1": 0.8843333333333333, "Acc/Eval/Exp1": 0.8843333333333333, "Acc/Epoch0/Train/Exp2": 0.92, "Acc/Epoch1/Train/Exp2": 0.92, "Acc/Epoch2/Train/Exp2": 0.92, "Acc/Epoch3/Train/Exp2": 0.92, "Acc/Epoch4/Train/Exp2": 0.92, "Acc/Eval/Exp2/Exp1": 0.8788333333333334, "Acc/Eval/Exp2/Exp2": 0.656, "Acc/Eval/Exp2": 0.8616923076923076, "Acc/Epoch0/Train/Exp3": 0.92, "Acc/Epoch1/Train/Exp3": 0.92, "Acc/Epoch2/Train/Exp3": 0.92, "Acc/Epoch3/Train/Exp3": 0.92, "Acc/Epoch4/Train/Exp3": 0.92, "Acc/Eval/Exp3/Exp1": 0.8758333333333334, "Acc/Eval/Exp3/Exp2": 0.62, "Acc/Eval/Exp3/Exp3": 0.792, "Acc/Eval/Exp3": 0.8515714285714285, "Acc/Epoch0/Train/Exp4": 1.0, "Acc/Epoch1/Train/Exp4": 1.0, "Acc/Epoch2/Train/Exp4": 1.0, "Acc/Epoch3/Train/Exp4": 1.0, "Acc/Epoch4/Train/Exp4": 1.0, "Acc/Eval/Exp4/Exp1": 0.8718333333333333, "Acc/Eval/Exp4/Exp2": 0.608, "Acc/Eval/Exp4/Exp3": 0.776, "Acc/Eval/Exp4/Exp4": 0.562, "Acc/Eval/Exp4": 0.8272, "Acc/Epoch0/Train/Exp5": 0.96, "Acc/Epoch1/Train/Exp5": 0.96, "Acc/Epoch2/Train/Exp5": 0.96, "Acc/Epoch3/Train/Exp5": 0.96, "Acc/Epoch4/Train/Exp5": 0.96, "Acc/Eval/Exp5/Exp1": 0.8653333333333333, "Acc/Eval/Exp5/Exp2": 0.608, "Acc/Eval/Exp5/Exp3": 0.766, "Acc/Eval/Exp5/Exp4": 0.558, "Acc/Eval/Exp5/Exp5": 0.834, "Acc/Eval/Exp5": 0.821875, "Acc/Epoch0/Train/Exp6": 1.0, "Acc/Epoch1/Train/Exp6": 1.0, "Acc/Epoch2/Train/Exp6": 1.0, "Acc/Epoch3/Train/Exp6": 1.0, "Acc/Epoch4/Train/Exp6": 1.0, "Acc/Eval/Exp6/Exp1": 0.862, "Acc/Eval/Exp6/Exp2": 0.604, "Acc/Eval/Exp6/Exp3": 0.768, "Acc/Eval/Exp6/Exp4": 0.558, "Acc/Eval/Exp6/Exp5": 0.834, "Acc/Eval/Exp6/Exp6": 0.83, "Acc/Eval/Exp6": 0.8198823529411765, "Acc/Epoch0/Train/Exp7": 0.96, "Acc/Epoch1/Train/Exp7": 0.96, "Acc/Epoch2/Train/Exp7": 0.96, "Acc/Epoch3/Train/Exp7": 1.0, "Acc/Epoch4/Train/Exp7": 1.0, "Acc/Eval/Exp7/Exp1": 0.8576666666666667, "Acc/Eval/Exp7/Exp2": 0.608, "Acc/Eval/Exp7/Exp3": 0.758, "Acc/Eval/Exp7/Exp4": 0.56, "Acc/Eval/Exp7/Exp5": 0.834, "Acc/Eval/Exp7/Exp6": 0.834, "Acc/Eval/Exp7/Exp7": 0.818, "Acc/Eval/Exp7": 0.8168888888888889, "Acc/Epoch0/Train/Exp8": 0.96, "Acc/Epoch1/Train/Exp8": 0.96, "Acc/Epoch2/Train/Exp8": 0.96, "Acc/Epoch3/Train/Exp8": 1.0, "Acc/Epoch4/Train/Exp8": 1.0, "Acc/Eval/Exp8/Exp1": 0.8555, "Acc/Eval/Exp8/Exp2": 0.582, "Acc/Eval/Exp8/Exp3": 0.756, "Acc/Eval/Exp8/Exp4": 0.544, "Acc/Eval/Exp8/Exp5": 0.828, "Acc/Eval/Exp8/Exp6": 0.814, "Acc/Eval/Exp8/Exp7": 0.82, "Acc/Eval/Exp8/Exp8": 0.764, "Acc/Eval/Exp8": 0.8091578947368421, "Acc/Epoch0/Train/Exp9": 1.0, "Acc/Epoch1/Train/Exp9": 1.0, "Acc/Epoch2/Train/Exp9": 1.0, "Acc/Epoch3/Train/Exp9": 1.0, "Acc/Epoch4/Train/Exp9": 1.0, "Acc/Eval/Exp9/Exp1": 0.8513333333333334, "Acc/Eval/Exp9/Exp2": 0.582, "Acc/Eval/Exp9/Exp3": 0.754, "Acc/Eval/Exp9/Exp4": 0.538, "Acc/Eval/Exp9/Exp5": 0.802, "Acc/Eval/Exp9/Exp6": 0.814, "Acc/Eval/Exp9/Exp7": 0.816, "Acc/Eval/Exp9/Exp8": 0.762, "Acc/Eval/Exp9/Exp9": 0.648, "Acc/Eval/Exp9": 0.7966, "AvgAcc": 0.8280694444444444}, "Forgetting": {"Forgetting/Eval/Exp2/Exp1": 0.005499999999999949, "Forgetting/Eval/Exp2": 0.005499999999999949,