{"Loss": {"Loss/Epoch0/Train/Exp1": 0.4797898498694102, "Loss/Epoch1/Train/Exp1": 0.39749532453219094, "Loss/Epoch2/Train/Exp1": 0.36002429428895316, "Loss/Epoch3/Train/Exp1": 0.3341073634405931, "Loss/Epoch4/Train/Exp1": 0.31327943975528083, "Loss/Epoch5/Train/Exp1": 0.2985032518307368, "Loss/Epoch6/Train/Exp1": 0.28233543924887977, "Loss/Epoch7/Train/Exp1": 0.26855818560123446, "Loss/Eval/Exp1/Exp1": 0.3531703018744787, "Loss/Eval/Exp1": 0.3531703018744787, "Loss/Epoch0/Train/Exp2": 0.37205165315419436, "Loss/Epoch1/Train/Exp2": 0.36630155179649593, "Loss/Epoch2/Train/Exp2": 0.3487328011996578, "Loss/Epoch3/Train/Exp2": 0.3206416191719472, "Loss/Epoch4/Train/Exp2": 0.2638184583000839, "Loss/Eval/Exp2/Exp1": 0.374888991077741, "Loss/Eval/Exp2/Exp2": 0.9572394618988037, "Loss/Eval/Exp2": 0.6660642264882723, "Loss/Epoch0/Train/Exp3": 0.06287092740749359, "Loss/Epoch1/Train/Exp3": 0.06203934130840935, "Loss/Epoch2/Train/Exp3": 0.05878198905673344, "Loss/Epoch3/Train/Exp3": 0.055879674135358076, "Loss/Epoch4/Train/Exp3": 0.048056882268283516, "Loss/Eval/Exp3/Exp1": 0.3935443439881007, "Loss/Eval/Exp3/Exp2": 1.0690799531936646, "Loss/Eval/Exp3/Exp3": 0.7484768724441528, "Loss/Eval/Exp3": 0.7370337232086394, "Loss/Epoch0/Train/Exp4": 0.00625975715520326, "Loss/Epoch1/Train/Exp4": 0.006238697529552155, "Loss/Epoch2/Train/Exp4": 0.006134161937516183, "Loss/Epoch3/Train/Exp4": 0.005974714082549326, "Loss/Epoch4/Train/Exp4": 0.005776061385404319, "Loss/Eval/Exp4/Exp1": 0.4106328225135803, "Loss/Eval/Exp4/Exp2": 1.1731387481689453, "Loss/Eval/Exp4/Exp3": 0.8130375037193298, "Loss/Eval/Exp4/Exp4": 1.3247780542373657, "Loss/Eval/Exp4": 0.9303967821598054, "Loss/Epoch0/Train/Exp5": 0.18983935356740403, "Loss/Epoch1/Train/Exp5": 0.18676952227950097, "Loss/Epoch2/Train/Exp5": 0.1771529817953706, "Loss/Epoch3/Train/Exp5": 0.15803157473390456, "Loss/Epoch4/Train/Exp5": 0.13650230285707038, "Loss/Eval/Exp5/Exp1": 0.42828380477428435, "Loss/Eval/Exp5/Exp2": 1.2368826131820678, "Loss/Eval/Exp5/Exp3": 0.8580539426803588, "Loss/Eval/Exp5/Exp4": 1.3253412189483642, "Loss/Eval/Exp5/Exp5": 0.6319331696033478, "Loss/Eval/Exp5": 0.8960989498376846, "Loss/Epoch0/Train/Exp6": 0.015842146863578817, "Loss/Epoch1/Train/Exp6": 0.015486676545692716, "Loss/Epoch2/Train/Exp6": 0.013460261414002162, "Loss/Epoch3/Train/Exp6": 0.01073087433280307, "Loss/Epoch4/Train/Exp6": 0.008940556639863644, "Loss/Eval/Exp6/Exp1": 0.4374076403776805, "Loss/Eval/Exp6/Exp2": 1.2501925497055053, "Loss/Eval/Exp6/Exp3": 0.8664746885299682, "Loss/Eval/Exp6/Exp4": 1.3225799570083618, "Loss/Eval/Exp6/Exp5": 0.6349913849830627, "Loss/Eval/Exp6/Exp6": 0.6997152628898621, "Loss/Eval/Exp6": 0.8685602472490735, "Loss/Epoch0/Train/Exp7": 0.14098426294541697, "Loss/Epoch1/Train/Exp7": 0.13767488596195107, "Loss/Epoch2/Train/Exp7": 0.1306215207690184, "Loss/Epoch3/Train/Exp7": 0.11343201904552189, "Loss/Epoch4/Train/Exp7": 0.10052727383921592, "Loss/Eval/Exp7/Exp1": 0.453255060950915, "Loss/Eval/Exp7/Exp2": 1.255170446395874, "Loss/Eval/Exp7/Exp3": 0.8677306156158447, "Loss/Eval/Exp7/Exp4": 1.3067206182479858, "Loss/Eval/Exp7/Exp5": 0.636368045091629, "Loss/Eval/Exp7/Exp6": 0.6972018818855286, "Loss/Eval/Exp7/Exp7": 0.5864584803581238, "Loss/Eval/Exp7": 0.8289864497922715, "Loss/Epoch0/Train/Exp8": 0.1181864440607842, "Loss/Epoch1/Train/Exp8": 0.11300132146279793, "Loss/Epoch2/Train/Exp8": 0.09826226405140914, "Loss/Epoch3/Train/Exp8": 0.06810545176014784, "Loss/Epoch4/Train/Exp8": 0.040482283269248, "Loss/Eval/Exp8/Exp1": 0.4678959717353185, "Loss/Eval/Exp8/Exp2": 1.2864510135650635, "Loss/Eval/Exp8/Exp3": 0.8893746910095215, "Loss/Eval/Exp8/Exp4": 1.3545365314483642, "Loss/Eval/Exp8/Exp5": 0.6677370567321778, "Loss/Eval/Exp8/Exp6": 0.7186876277923584, "Loss/Eval/Exp8/Exp7": 0.6126425082683563, "Loss/Eval/Exp8/Exp8": 0.7475584583282471, "Loss/Eval/Exp8": 0.8431104823599259, "Loss/Epoch0/Train/Exp9": 0.0009968605666654184, "Loss/Epoch1/Train/Exp9": 0.0009961082017980517, "Loss/Epoch2/Train/Exp9": 0.0009948549477849155, "Loss/Epoch3/Train/Exp9": 0.0009862635374520323, "Loss/Epoch4/Train/Exp9": 0.0009793525153736482, "Loss/Eval/Exp9/Exp1": 0.48733065942923226, "Loss/Eval/Exp9/Exp2": 1.2921930389404297, "Loss/Eval/Exp9/Exp3": 0.9038435039520264, "Loss/Eval/Exp9/Exp4": 1.4000692825317382, "Loss/Eval/Exp9/Exp5": 0.7761031835079193, "Loss/Eval/Exp9/Exp6": 0.7211667361259461, "Loss/Eval/Exp9/Exp7": 0.6339504764080047, "Loss/Eval/Exp9/Exp8": 0.7526640939712524, "Loss/Eval/Exp9/Exp9": 0.9991430485248566, "Loss/Eval/Exp9": 0.8851626692657117}, "Acc": {"Acc/Epoch0/Train/Exp1": 0.8501, "Acc/Epoch1/Train/Exp1": 0.8736666666666667, "Acc/Epoch2/Train/Exp1": 0.8844333333333333, "Acc/Epoch3/Train/Exp1": 0.8914, "Acc/Epoch4/Train/Exp1": 0.8987666666666667, "Acc/Epoch5/Train/Exp1": 0.9028, "Acc/Epoch6/Train/Exp1": 0.9080666666666667, "Acc/Epoch7/Train/Exp1": 0.9118666666666667, "Acc/Eval/Exp1/Exp1": 0.888, "Acc/Eval/Exp1": 0.888, "Acc/Epoch0/Train/Exp2": 0.92, "Acc/Epoch1/Train/Exp2": 0.92, "Acc/Epoch2/Train/Exp2": 0.92, "Acc/Epoch3/Train/Exp2": 0.92, "Acc/Epoch4/Train/Exp2": 0.92, "Acc/Eval/Exp2/Exp1": 0.8816666666666667, "Acc/Eval/Exp2/Exp2": 0.71, "Acc/Eval/Exp2": 0.8684615384615385, "Acc/Epoch0/Train/Exp3": 0.96, "Acc/Epoch1/Train/Exp3": 0.96, "Acc/Epoch2/Train/Exp3": 0.96, "Acc/Epoch3/Train/Exp3": 1.0, "Acc/Epoch4/Train/Exp3": 1.0, "Acc/Eval/Exp3/Exp1": 0.8778333333333334, "Acc/Eval/Exp3/Exp2": 0.686, "Acc/Eval/Exp3/Exp3": 0.796, "Acc/Eval/Exp3": 0.8582857142857143, "Acc/Epoch0/Train/Exp4": 1.0, "Acc/Epoch1/Train/Exp4": 1.0, "Acc/Epoch2/Train/Exp4": 1.0, "Acc/Epoch3/Train/Exp4": 1.0, "Acc/Epoch4/Train/Exp4": 1.0, "Acc/Eval/Exp4/Exp1": 0.8725, "Acc/Eval/Exp4/Exp2": 0.664, "Acc/Eval/Exp4/Exp3": 0.776, "Acc/Eval/Exp4/Exp4": 0.578, "Acc/Eval/Exp4": 0.8325333333333333, "Acc/Epoch0/Train/Exp5": 0.92, "Acc/Epoch1/Train/Exp5": 0.92, "Acc/Epoch2/Train/Exp5": 0.96, "Acc/Epoch3/Train/Exp5": 0.96, "Acc/Epoch4/Train/Exp5": 0.96, "Acc/Eval/Exp5/Exp1": 0.8685, "Acc/Eval/Exp5/Exp2": 0.648, "Acc/Eval/Exp5/Exp3": 0.762, "Acc/Eval/Exp5/Exp4": 0.578, "Acc/Eval/Exp5/Exp5": 0.834, "Acc/Eval/Exp5": 0.82775, "Acc/Epoch0/Train/Exp6": 1.0, "Acc/Epoch1/Train/Exp6": 1.0, "Acc/Epoch2/Train/Exp6": 1.0, "Acc/Epoch3/Train/Exp6": 1.0, "Acc/Epoch4/Train/Exp6": 1.0, "Acc/Eval/Exp6/Exp1": 0.8666666666666667, "Acc/Eval/Exp6/Exp2": 0.638, "Acc/Eval/Exp6/Exp3": 0.762, "Acc/Eval/Exp6/Exp4": 0.578, "Acc/Eval/Exp6/Exp5": 0.832, "Acc/Eval/Exp6/Exp6": 0.804, "Acc/Eval/Exp6": 0.8243529411764706, "Acc/Epoch0/Train/Exp7": 0.96, "Acc/Epoch1/Train/Exp7": 0.96, "Acc/Epoch2/Train/Exp7": 0.96, "Acc/Epoch3/Train/Exp7": 0.96, "Acc/Epoch4/Train/Exp7": 0.96, "Acc/Eval/Exp7/Exp1": 0.8613333333333333, "Acc/Eval/Exp7/Exp2": 0.636, "Acc/Eval/Exp7/Exp3": 0.758, "Acc/Eval/Exp7/Exp4": 0.58, "Acc/Eval/Exp7/Exp5": 0.832, "Acc/Eval/Exp7/Exp6": 0.804, "Acc/Eval/Exp7/Exp7": 0.836, "Acc/Eval/Exp7": 0.8212222222222222, "Acc/Epoch0/Train/Exp8": 0.92, "Acc/Epoch1/Train/Exp8": 0.92, "Acc/Epoch2/Train/Exp8": 0.92, "Acc/Epoch3/Train/Exp8": 0.92, "Acc/Epoch4/Train/Exp8": 1.0, "Acc/Eval/Exp8/Exp1": 0.8601666666666666, "Acc/Eval/Exp8/Exp2": 0.624, "Acc/Eval/Exp8/Exp3": 0.756, "Acc/Eval/Exp8/Exp4": 0.58, "Acc/Eval/Exp8/Exp5": 0.824, "Acc/Eval/Exp8/Exp6": 0.79, "Acc/Eval/Exp8/Exp7": 0.828, "Acc/Eval/Exp8/Exp8": 0.77, "Acc/Eval/Exp8": 0.8154736842105264, "Acc/Epoch0/Train/Exp9": 1.0, "Acc/Epoch1/Train/Exp9": 1.0, "Acc/Epoch2/Train/Exp9": 1.0, "Acc/Epoch3/Train/Exp9": 1.0, "Acc/Epoch4/Train/Exp9": 1.0, "Acc/Eval/Exp9/Exp1": 0.8546666666666667, "Acc/Eval/Exp9/Exp2": 0.624, "Acc/Eval/Exp9/Exp3": 0.756, "Acc/Eval/Exp9/Exp4": 0.576, "Acc/Eval/Exp9/Exp5": 0.784, "Acc/Eval/Exp9/Exp6": 0.79, "Acc/Eval/Exp9/Exp7": 0.828, "Acc/Eval/Exp9/Exp8": 0.77, "Acc/Eval/Exp9/Exp9": 0.67, "Acc/Eval/Exp9": 0.8027, "AvgAcc": 0.8335972222222222}, "Forgetting": {"Forgetting/Eval/Exp2/Exp1": 0.006333333333333302, "Forgetting/Eval/Exp2": 0.006333333333333302, "Forgetting/Eval/Exp3/Exp1": 0.010166666666666657,